second,minute,hour,time
10,20,21,21:20:10
42,40,03,03:40:42
13,15,12,12:15:13
12,59,10,10:59:12
44,44,11,11:44:44
04,58,04,04:58:04
04,44,05,05:44:04
21,54,15,15:54:21
29,16,23,23:16:29
18,44,17,17:44:18
09,38,23,23:38:09
06,33,11,11:33:06
33,20,06,06:20:33
39,27,20,20:27:39
40,20,22,22:20:40
29,59,12,12:59:29
40,07,08,08:07:40
34,26,21,21:26:34
03,23,06,06:23:03
35,46,13,13:46:35
15,10,11,11:10:15
22,43,10,10:43:22
11,38,04,04:38:11
12,28,06,06:28:12
55,03,00,00:03:55
22,51,20,20:51:22
27,15,14,14:15:27
41,39,20,20:39:41
44,10,01,01:10:44
45,37,06,06:37:45
56,55,21,21:55:56
09,35,11,11:35:09
34,15,22,22:15:34
33,02,08,08:02:33
19,17,23,23:17:19
27,35,20,20:35:27
25,47,03,03:47:25
55,03,18,18:03:55
14,07,05,05:07:14
26,03,12,12:03:26
58,49,02,02:49:58
54,39,08,08:39:54
37,37,12,12:37:37
59,37,11,11:37:59
45,06,06,06:06:45
46,09,23,23:09:46
49,13,03,03:13:49
08,16,23,23:16:08
27,13,12,12:13:27
40,15,16,16:15:40
53,24,00,00:24:53
21,39,09,09:39:21
03,38,07,07:38:03
07,05,09,09:05:07
05,28,02,02:28:05
38,45,12,12:45:38
40,20,09,09:20:40
00,56,03,03:56:00
47,02,00,00:02:47
10,45,01,01:45:10
05,03,14,14:03:05
18,57,15,15:57:18
44,16,15,15:16:44
22,03,06,06:03:22
26,04,15,15:04:26
09,57,17,17:57:09
18,47,13,13:47:18
16,47,12,12:47:16
48,52,19,19:52:48
57,39,13,13:39:57
34,41,03,03:41:34
27,27,17,17:27:27
46,02,21,21:02:46
03,42,23,23:42:03
47,12,08,08:12:47
19,55,05,05:55:19
51,25,16,16:25:51
01,41,02,02:41:01
59,12,01,01:12:59
14,44,10,10:44:14
51,43,00,00:43:51
14,36,11,11:36:14
26,30,09,09:30:26
46,48,03,03:48:46
05,42,02,02:42:05
41,26,12,12:26:41
36,11,06,06:11:36
12,40,13,13:40:12
30,51,05,05:51:30
50,43,02,02:43:50
02,55,19,19:55:02
23,23,03,03:23:23
15,18,12,12:18:15
40,37,21,21:37:40
31,20,22,22:20:31
33,34,17,17:34:33
42,07,01,01:07:42
14,42,15,15:42:14
53,47,23,23:47:53
26,00,06,06:00:26
42,06,22,22:06:42
31,48,15,15:48:31
11,43,05,05:43:11
59,56,01,01:56:59
12,41,03,03:41:12
17,03,12,12:03:17
01,29,07,07:29:01
01,55,06,06:55:01
05,54,14,14:54:05
28,10,20,20:10:28
55,39,19,19:39:55
28,39,09,09:39:28
59,14,10,10:14:59
40,49,10,10:49:40
55,38,08,08:38:55
31,29,03,03:29:31
25,48,01,01:48:25
18,18,14,14:18:18
03,49,20,20:49:03
45,00,20,20:00:45
29,52,17,17:52:29
31,35,05,05:35:31
04,59,01,01:59:04
14,08,13,13:08:14
20,08,00,00:08:20
07,34,15,15:34:07
25,11,03,03:11:25
27,43,10,10:43:27
31,45,22,22:45:31
11,51,21,21:51:11
17,29,17,17:29:17
11,16,07,07:16:11
52,31,03,03:31:52
13,56,00,00:56:13
05,32,07,07:32:05
11,13,06,06:13:11
08,14,23,23:14:08
28,37,10,10:37:28
59,58,02,02:58:59
31,14,17,17:14:31
19,12,04,04:12:19
36,13,11,11:13:36
16,28,14,14:28:16
47,08,17,17:08:47
26,48,17,17:48:26
54,38,09,09:38:54
05,19,03,03:19:05
10,22,23,23:22:10
39,48,19,19:48:39
33,06,14,14:06:33
52,43,06,06:43:52
30,30,13,13:30:30
16,53,13,13:53:16
58,26,13,13:26:58
35,47,06,06:47:35
48,13,16,16:13:48
28,37,01,01:37:28
10,35,09,09:35:10
37,00,16,16:00:37
56,55,16,16:55:56
24,35,09,09:35:24
14,14,08,08:14:14
40,46,09,09:46:40
36,32,20,20:32:36
39,14,02,02:14:39
08,30,05,05:30:08
15,31,03,03:31:15
13,07,03,03:07:13
01,31,12,12:31:01
48,42,19,19:42:48
22,04,15,15:04:22
16,28,21,21:28:16
00,17,08,08:17:00
21,09,20,20:09:21
13,13,02,02:13:13
38,05,14,14:05:38
35,01,19,19:01:35
30,14,15,15:14:30
50,29,19,19:29:50
16,17,17,17:17:16
06,51,20,20:51:06
46,34,08,08:34:46
24,20,17,17:20:24
51,52,10,10:52:51
28,52,02,02:52:28
27,22,14,14:22:27
51,15,01,01:15:51
51,16,18,18:16:51
50,47,20,20:47:50
00,49,18,18:49:00
25,48,20,20:48:25
00,35,22,22:35:00
06,22,05,05:22:06
45,22,04,04:22:45
56,20,16,16:20:56
39,17,06,06:17:39
10,05,06,06:05:10
52,42,07,07:42:52
00,01,07,07:01:00
39,35,04,04:35:39
13,33,01,01:33:13
52,24,15,15:24:52
11,51,02,02:51:11
07,51,15,15:51:07
05,21,07,07:21:05
11,50,22,22:50:11
02,23,05,05:23:02
54,39,21,21:39:54
21,23,09,09:23:21
30,38,11,11:38:30
23,26,02,02:26:23
06,10,03,03:10:06
48,07,14,14:07:48
23,15,20,20:15:23
02,28,14,14:28:02
58,05,20,20:05:58
26,52,11,11:52:26
22,03,10,10:03:22
16,55,18,18:55:16
51,40,16,16:40:51
00,27,00,00:27:00
05,41,22,22:41:05
34,23,21,21:23:34
33,01,19,19:01:33
37,16,15,15:16:37
48,05,04,04:05:48
21,05,15,15:05:21
53,26,05,05:26:53
44,23,05,05:23:44
44,37,20,20:37:44
21,24,21,21:24:21
52,12,21,21:12:52
53,38,03,03:38:53
45,50,03,03:50:45
12,29,20,20:29:12
37,40,03,03:40:37
58,24,10,10:24:58
06,30,19,19:30:06
11,31,12,12:31:11
36,57,14,14:57:36
00,37,09,09:37:00
46,56,13,13:56:46
24,50,23,23:50:24
46,40,17,17:40:46
36,49,20,20:49:36
17,10,22,22:10:17
23,13,17,17:13:23
50,21,01,01:21:50
10,16,06,06:16:10
39,01,10,10:01:39
18,40,14,14:40:18
15,14,05,05:14:15
34,30,22,22:30:34
37,09,22,22:09:37
34,37,14,14:37:34
43,24,01,01:24:43
37,24,14,14:24:37
09,04,12,12:04:09
59,38,08,08:38:59
40,47,01,01:47:40
07,18,17,17:18:07
43,46,09,09:46:43
36,33,13,13:33:36
11,44,00,00:44:11
04,18,12,12:18:04
02,02,11,11:02:02
16,19,11,11:19:16
25,12,10,10:12:25
57,53,17,17:53:57
33,34,03,03:34:33
58,17,08,08:17:58
34,53,04,04:53:34
24,56,10,10:56:24
59,07,16,16:07:59
56,40,11,11:40:56
33,48,09,09:48:33
27,10,15,15:10:27
35,01,22,22:01:35
14,30,23,23:30:14
03,15,03,03:15:03
33,50,06,06:50:33
56,04,16,16:04:56
47,41,07,07:41:47
28,49,14,14:49:28
19,38,17,17:38:19
18,48,18,18:48:18
49,36,13,13:36:49
47,02,02,02:02:47
37,45,18,18:45:37
16,47,05,05:47:16
20,23,02,02:23:20
39,19,11,11:19:39
06,27,18,18:27:06
12,41,14,14:41:12
19,56,04,04:56:19
19,05,19,19:05:19
17,42,20,20:42:17
14,03,01,01:03:14
32,19,06,06:19:32
05,01,07,07:01:05
29,18,07,07:18:29
53,05,02,02:05:53
01,05,09,09:05:01
14,12,01,01:12:14
07,37,16,16:37:07
26,50,01,01:50:26
15,07,13,13:07:15
57,14,07,07:14:57
30,58,09,09:58:30
40,24,13,13:24:40
06,54,16,16:54:06
27,23,18,18:23:27
08,27,14,14:27:08
04,08,23,23:08:04
36,30,04,04:30:36
45,06,01,01:06:45
31,48,08,08:48:31
39,33,13,13:33:39
46,47,17,17:47:46
42,37,21,21:37:42
31,14,16,16:14:31
56,27,06,06:27:56
44,16,17,17:16:44
03,22,21,21:22:03
24,04,20,20:04:24
03,44,12,12:44:03
01,32,12,12:32:01
12,57,05,05:57:12
03,25,09,09:25:03
27,17,03,03:17:27
44,22,10,10:22:44
57,59,00,00:59:57
27,04,14,14:04:27
27,48,01,01:48:27
52,55,05,05:55:52
07,50,20,20:50:07
11,48,07,07:48:11
32,03,08,08:03:32
13,34,23,23:34:13
45,11,08,08:11:45
36,31,07,07:31:36
49,47,09,09:47:49
24,43,23,23:43:24
34,54,14,14:54:34
16,41,18,18:41:16
48,43,00,00:43:48
26,19,00,00:19:26
40,15,17,17:15:40
02,49,04,04:49:02
12,34,23,23:34:12
21,18,06,06:18:21
12,53,21,21:53:12
29,18,00,00:18:29
49,08,08,08:08:49
21,11,09,09:11:21
56,08,22,22:08:56
17,07,11,11:07:17
05,24,23,23:24:05
34,01,10,10:01:34
49,25,15,15:25:49
25,42,13,13:42:25
46,41,12,12:41:46
41,42,16,16:42:41
29,10,09,09:10:29
41,56,07,07:56:41
31,59,16,16:59:31
02,00,11,11:00:02
21,57,18,18:57:21
17,42,22,22:42:17
35,27,14,14:27:35
49,16,21,21:16:49
30,43,03,03:43:30
03,16,00,00:16:03
25,37,18,18:37:25
31,37,13,13:37:31
31,26,20,20:26:31
08,34,23,23:34:08
06,37,21,21:37:06
29,10,22,22:10:29
31,17,10,10:17:31
01,52,10,10:52:01
09,56,03,03:56:09
22,32,17,17:32:22
27,19,02,02:19:27
37,14,12,12:14:37
59,03,10,10:03:59
24,19,23,23:19:24
16,50,11,11:50:16
51,04,10,10:04:51
29,30,09,09:30:29
18,53,23,23:53:18
09,43,23,23:43:09
43,52,10,10:52:43
28,51,06,06:51:28
31,27,05,05:27:31
02,50,18,18:50:02
56,44,08,08:44:56
01,04,02,02:04:01
47,50,21,21:50:47
45,42,14,14:42:45
08,38,11,11:38:08
40,05,05,05:05:40
36,55,00,00:55:36
44,51,23,23:51:44
31,06,18,18:06:31
45,45,10,10:45:45
43,26,09,09:26:43
22,14,15,15:14:22
51,43,14,14:43:51
11,08,14,14:08:11
09,17,01,01:17:09
38,13,21,21:13:38
38,49,20,20:49:38
52,54,06,06:54:52
39,29,12,12:29:39
45,05,08,08:05:45
55,27,19,19:27:55
25,14,23,23:14:25
15,19,17,17:19:15
08,03,13,13:03:08
14,28,18,18:28:14
47,55,10,10:55:47
20,11,06,06:11:20
34,56,23,23:56:34
30,19,20,20:19:30
41,35,06,06:35:41
46,41,10,10:41:46
13,33,03,03:33:13
26,08,17,17:08:26
29,39,04,04:39:29
02,25,09,09:25:02
13,21,20,20:21:13
55,39,06,06:39:55
12,13,12,12:13:12
38,49,23,23:49:38
04,15,03,03:15:04
31,05,08,08:05:31
07,56,12,12:56:07
52,07,08,08:07:52
50,10,11,11:10:50
32,18,15,15:18:32
46,03,12,12:03:46
57,31,13,13:31:57
12,29,09,09:29:12
11,19,21,21:19:11
21,42,10,10:42:21
06,53,16,16:53:06
17,17,04,04:17:17
54,07,17,17:07:54
15,57,01,01:57:15
51,05,23,23:05:51
50,14,21,21:14:50
42,07,21,21:07:42
50,35,22,22:35:50
34,35,02,02:35:34
34,11,17,17:11:34
59,04,07,07:04:59
18,13,18,18:13:18
44,21,04,04:21:44
46,53,13,13:53:46
26,17,19,19:17:26
46,51,10,10:51:46
26,02,15,15:02:26
06,58,01,01:58:06
22,29,05,05:29:22
04,00,05,05:00:04
33,17,07,07:17:33
34,28,12,12:28:34
53,53,14,14:53:53
52,43,20,20:43:52
34,39,16,16:39:34
52,12,05,05:12:52
09,31,11,11:31:09
59,33,06,06:33:59
32,56,02,02:56:32
08,45,17,17:45:08
38,06,12,12:06:38
30,58,22,22:58:30
16,26,06,06:26:16
39,24,11,11:24:39
05,06,23,23:06:05
43,06,02,02:06:43
17,10,00,00:10:17
31,27,16,16:27:31
31,57,09,09:57:31
24,37,07,07:37:24
19,08,06,06:08:19
54,58,20,20:58:54
06,46,05,05:46:06
29,49,17,17:49:29
19,12,03,03:12:19
41,42,04,04:42:41
21,22,22,22:22:21
27,47,15,15:47:27
52,03,23,23:03:52
03,38,15,15:38:03
13,41,14,14:41:13
13,37,15,15:37:13
53,22,17,17:22:53
22,57,13,13:57:22
11,10,00,00:10:11
24,22,01,01:22:24
03,26,19,19:26:03
37,15,07,07:15:37
03,35,13,13:35:03
45,30,00,00:30:45
53,43,11,11:43:53
03,20,19,19:20:03
19,56,06,06:56:19
08,39,00,00:39:08
00,09,00,00:09:00
01,49,22,22:49:01
33,03,09,09:03:33
17,14,08,08:14:17
14,32,12,12:32:14
46,21,11,11:21:46
39,41,04,04:41:39
22,44,03,03:44:22
52,57,13,13:57:52
33,19,18,18:19:33
58,25,21,21:25:58
43,08,11,11:08:43
51,04,06,06:04:51
37,22,02,02:22:37
52,39,01,01:39:52
25,51,10,10:51:25
19,35,10,10:35:19
59,35,16,16:35:59
35,56,18,18:56:35
47,42,21,21:42:47
57,04,19,19:04:57
00,18,12,12:18:00
21,47,15,15:47:21
16,52,04,04:52:16
42,28,12,12:28:42
48,50,17,17:50:48
47,04,13,13:04:47
37,51,06,06:51:37
11,00,06,06:00:11
46,41,00,00:41:46
59,18,08,08:18:59
02,10,08,08:10:02
37,46,04,04:46:37
21,41,07,07:41:21
52,47,00,00:47:52
12,28,21,21:28:12
23,22,18,18:22:23
09,09,06,06:09:09
03,29,04,04:29:03
49,20,13,13:20:49
07,41,23,23:41:07
37,21,01,01:21:37
37,39,13,13:39:37
48,18,23,23:18:48
46,18,09,09:18:46
08,28,19,19:28:08
15,41,22,22:41:15
08,46,01,01:46:08
26,37,21,21:37:26
46,44,01,01:44:46
10,56,03,03:56:10
44,47,23,23:47:44
07,43,00,00:43:07
22,45,01,01:45:22
56,12,04,04:12:56
37,10,16,16:10:37
40,50,13,13:50:40
59,29,04,04:29:59
33,55,19,19:55:33
06,12,09,09:12:06
20,16,17,17:16:20
30,34,05,05:34:30
54,28,07,07:28:54
56,56,22,22:56:56
19,20,00,00:20:19
47,57,10,10:57:47
24,19,15,15:19:24
35,40,03,03:40:35
37,56,18,18:56:37
46,49,09,09:49:46
31,40,22,22:40:31
01,03,22,22:03:01
38,59,04,04:59:38
56,14,15,15:14:56
11,49,03,03:49:11
34,37,18,18:37:34
22,29,22,22:29:22
11,17,04,04:17:11
34,17,10,10:17:34
03,09,04,04:09:03
08,52,03,03:52:08
19,07,18,18:07:19
57,13,07,07:13:57
23,10,22,22:10:23
21,16,07,07:16:21
31,34,09,09:34:31
49,02,19,19:02:49
33,20,07,07:20:33
53,01,13,13:01:53
07,55,14,14:55:07
12,45,10,10:45:12
20,50,05,05:50:20
04,26,01,01:26:04
25,57,19,19:57:25
18,04,18,18:04:18
42,33,07,07:33:42
01,30,17,17:30:01
12,02,12,12:02:12
17,32,08,08:32:17
58,05,00,00:05:58
51,27,00,00:27:51
25,14,03,03:14:25
14,01,04,04:01:14
15,54,20,20:54:15
23,59,17,17:59:23
48,25,05,05:25:48
47,16,03,03:16:47
50,37,18,18:37:50
56,43,02,02:43:56
16,41,03,03:41:16
00,19,09,09:19:00
34,27,23,23:27:34
58,24,08,08:24:58
47,37,16,16:37:47
40,46,10,10:46:40
59,36,09,09:36:59
13,54,16,16:54:13
24,49,01,01:49:24
02,38,03,03:38:02
38,21,06,06:21:38
10,26,01,01:26:10
45,34,10,10:34:45
54,06,13,13:06:54
07,23,11,11:23:07
36,30,15,15:30:36
11,13,04,04:13:11
31,27,03,03:27:31
14,40,01,01:40:14
07,21,00,00:21:07
19,02,05,05:02:19
49,33,23,23:33:49
29,12,06,06:12:29
58,57,11,11:57:58
01,01,13,13:01:01
12,56,15,15:56:12
21,38,22,22:38:21
07,46,09,09:46:07
03,23,03,03:23:03
00,34,13,13:34:00
41,28,12,12:28:41
29,39,06,06:39:29
40,08,04,04:08:40
30,35,14,14:35:30
21,34,14,14:34:21
19,37,16,16:37:19
49,53,09,09:53:49
36,02,14,14:02:36
44,24,17,17:24:44
18,21,15,15:21:18
25,37,23,23:37:25
20,04,06,06:04:20
58,06,04,04:06:58
28,49,04,04:49:28
06,08,02,02:08:06
12,48,05,05:48:12
33,46,03,03:46:33
49,08,15,15:08:49
30,30,21,21:30:30
25,34,17,17:34:25
52,42,20,20:42:52
10,57,15,15:57:10
58,35,06,06:35:58
27,15,22,22:15:27
34,49,13,13:49:34
22,03,13,13:03:22
31,15,22,22:15:31
57,02,01,01:02:57
25,45,04,04:45:25
18,35,17,17:35:18
19,46,17,17:46:19
42,06,04,04:06:42
27,58,14,14:58:27
41,02,16,16:02:41
25,40,01,01:40:25
21,18,02,02:18:21
30,31,09,09:31:30
48,50,23,23:50:48
27,26,11,11:26:27
28,06,19,19:06:28
42,59,20,20:59:42
17,34,20,20:34:17
18,09,08,08:09:18
01,19,12,12:19:01
59,53,18,18:53:59
44,02,19,19:02:44
33,30,22,22:30:33
03,28,03,03:28:03
34,45,15,15:45:34
01,03,09,09:03:01
47,32,17,17:32:47
18,35,12,12:35:18
10,21,23,23:21:10
46,00,14,14:00:46
44,24,05,05:24:44
43,19,20,20:19:43
55,18,22,22:18:55
12,59,01,01:59:12
26,25,00,00:25:26
31,25,23,23:25:31
48,42,05,05:42:48
25,24,18,18:24:25
10,05,17,17:05:10
10,03,18,18:03:10
19,01,06,06:01:19
32,43,02,02:43:32
01,54,17,17:54:01
26,40,11,11:40:26
14,46,08,08:46:14
51,02,12,12:02:51
38,07,10,10:07:38
59,49,01,01:49:59
24,27,18,18:27:24
30,06,08,08:06:30
34,02,20,20:02:34
20,25,23,23:25:20
08,47,13,13:47:08
58,40,14,14:40:58
21,33,08,08:33:21
12,52,02,02:52:12
54,42,16,16:42:54
20,10,16,16:10:20
48,51,20,20:51:48
53,18,16,16:18:53
16,12,03,03:12:16
53,08,18,18:08:53
38,16,16,16:16:38
26,30,11,11:30:26
19,19,04,04:19:19
18,47,23,23:47:18
49,38,00,00:38:49
13,44,03,03:44:13
19,41,14,14:41:19
46,00,15,15:00:46
16,18,01,01:18:16
04,17,20,20:17:04
31,59,19,19:59:31
22,00,00,00:00:22
33,18,03,03:18:33
54,59,21,21:59:54
22,32,22,22:32:22
43,12,23,23:12:43
24,05,11,11:05:24
28,30,18,18:30:28
26,28,20,20:28:26
52,31,07,07:31:52
59,49,23,23:49:59
36,36,16,16:36:36
36,24,12,12:24:36
44,13,13,13:13:44
33,58,01,01:58:33
58,06,08,08:06:58
46,32,16,16:32:46
12,05,12,12:05:12
40,23,20,20:23:40
52,33,22,22:33:52
36,50,21,21:50:36
34,13,17,17:13:34
36,55,23,23:55:36
37,13,13,13:13:37
34,28,16,16:28:34
05,09,04,04:09:05
51,32,03,03:32:51
24,59,23,23:59:24
24,04,08,08:04:24
47,04,00,00:04:47
42,25,12,12:25:42
48,55,12,12:55:48
15,04,23,23:04:15
50,37,10,10:37:50
26,56,19,19:56:26
17,00,19,19:00:17
46,36,13,13:36:46
15,52,03,03:52:15
00,40,01,01:40:00
36,58,05,05:58:36
42,55,17,17:55:42
48,06,05,05:06:48
56,53,14,14:53:56
39,53,03,03:53:39
30,15,09,09:15:30
25,14,22,22:14:25
59,07,07,07:07:59
41,49,06,06:49:41
46,23,04,04:23:46
17,18,14,14:18:17
57,50,07,07:50:57
25,38,16,16:38:25
13,18,12,12:18:13
25,55,03,03:55:25
25,05,15,15:05:25
34,41,01,01:41:34
20,03,23,23:03:20
16,26,21,21:26:16
10,29,04,04:29:10
08,24,16,16:24:08
10,39,16,16:39:10
25,58,23,23:58:25
22,27,21,21:27:22
26,21,18,18:21:26
07,54,04,04:54:07
42,09,18,18:09:42
28,09,00,00:09:28
35,18,19,19:18:35
06,46,01,01:46:06
32,08,20,20:08:32
29,45,15,15:45:29
12,18,21,21:18:12
58,34,17,17:34:58
06,27,06,06:27:06
52,03,21,21:03:52
20,19,06,06:19:20
27,40,04,04:40:27
13,46,03,03:46:13
18,06,14,14:06:18
22,56,23,23:56:22
54,51,21,21:51:54
10,04,22,22:04:10
04,43,11,11:43:04
14,21,18,18:21:14
18,00,14,14:00:18
35,14,15,15:14:35
22,10,22,22:10:22
17,02,09,09:02:17
40,57,09,09:57:40
09,29,14,14:29:09
59,28,12,12:28:59
37,42,10,10:42:37
15,29,16,16:29:15
21,51,04,04:51:21
51,01,05,05:01:51
39,01,15,15:01:39
14,56,21,21:56:14
07,39,18,18:39:07
59,52,10,10:52:59
42,56,19,19:56:42
44,25,11,11:25:44
19,09,20,20:09:19
53,01,23,23:01:53
47,54,07,07:54:47
50,18,07,07:18:50
07,38,07,07:38:07
30,43,22,22:43:30
46,34,10,10:34:46
18,34,12,12:34:18
49,49,04,04:49:49
08,40,23,23:40:08
26,28,06,06:28:26
46,20,18,18:20:46
05,45,19,19:45:05
16,11,23,23:11:16
15,44,11,11:44:15
06,12,04,04:12:06
28,49,12,12:49:28
19,28,20,20:28:19
23,29,17,17:29:23
09,13,21,21:13:09
34,46,20,20:46:34
59,11,15,15:11:59
19,26,19,19:26:19
37,24,10,10:24:37
43,22,15,15:22:43
53,27,00,00:27:53
55,01,19,19:01:55
35,52,03,03:52:35
12,55,00,00:55:12
01,52,13,13:52:01
28,17,05,05:17:28
55,55,01,01:55:55
39,03,02,02:03:39
41,16,07,07:16:41
13,43,09,09:43:13
34,51,05,05:51:34
07,26,10,10:26:07
21,07,09,09:07:21
52,19,05,05:19:52
30,15,02,02:15:30
44,44,10,10:44:44
38,25,07,07:25:38
12,42,19,19:42:12
34,10,01,01:10:34
33,03,13,13:03:33
42,28,16,16:28:42
52,43,03,03:43:52
54,25,22,22:25:54
27,27,20,20:27:27
00,10,08,08:10:00
39,33,23,23:33:39
06,26,20,20:26:06
32,09,14,14:09:32
02,39,08,08:39:02
07,36,18,18:36:07
21,28,10,10:28:21
37,42,01,01:42:37
34,53,13,13:53:34
37,06,14,14:06:37
00,10,15,15:10:00
00,23,11,11:23:00
08,06,20,20:06:08
31,57,01,01:57:31
19,28,00,00:28:19
03,09,09,09:09:03
39,23,07,07:23:39
38,35,22,22:35:38
53,07,16,16:07:53
43,12,08,08:12:43
31,04,23,23:04:31
46,34,23,23:34:46
20,23,13,13:23:20
20,25,21,21:25:20
05,54,19,19:54:05
07,58,21,21:58:07
11,09,07,07:09:11
42,02,07,07:02:42
38,42,10,10:42:38
27,20,16,16:20:27
35,27,06,06:27:35
40,42,02,02:42:40
27,48,06,06:48:27
39,19,06,06:19:39
30,42,18,18:42:30
43,20,04,04:20:43
00,44,13,13:44:00
46,28,01,01:28:46
05,36,15,15:36:05
43,09,10,10:09:43
54,15,20,20:15:54
14,37,09,09:37:14
08,44,04,04:44:08
33,51,05,05:51:33
44,15,21,21:15:44
05,17,09,09:17:05
19,12,00,00:12:19
07,02,12,12:02:07
42,58,16,16:58:42
10,38,05,05:38:10
15,27,01,01:27:15
46,35,05,05:35:46
47,44,11,11:44:47
54,43,21,21:43:54
05,51,01,01:51:05
08,46,22,22:46:08
49,24,22,22:24:49
52,57,10,10:57:52
37,51,17,17:51:37
01,51,20,20:51:01
50,01,20,20:01:50
14,02,13,13:02:14
12,39,02,02:39:12
22,34,11,11:34:22
44,07,19,19:07:44
30,00,08,08:00:30
40,41,06,06:41:40
16,57,18,18:57:16
56,28,02,02:28:56
29,23,18,18:23:29
09,48,05,05:48:09
36,08,15,15:08:36
22,46,19,19:46:22
10,33,19,19:33:10
16,41,14,14:41:16
51,20,03,03:20:51
16,43,12,12:43:16
12,03,08,08:03:12
04,46,07,07:46:04
00,05,12,12:05:00
13,03,12,12:03:13
10,08,13,13:08:10
19,41,10,10:41:19
12,57,07,07:57:12
39,30,22,22:30:39
53,18,19,19:18:53
20,17,17,17:17:20
15,26,20,20:26:15
25,38,23,23:38:25
13,19,00,00:19:13
36,10,04,04:10:36
51,35,12,12:35:51
34,13,16,16:13:34
02,45,08,08:45:02
02,23,23,23:23:02
39,20,22,22:20:39
52,36,22,22:36:52
38,52,08,08:52:38
06,27,01,01:27:06
05,41,11,11:41:05
07,53,13,13:53:07
40,07,04,04:07:40
57,02,14,14:02:57
31,20,09,09:20:31
09,40,19,19:40:09
