second,minute,hour,noise_num,noise_code,noise_addr,noise_ts
10,20,21,97180361,b7x6625c,4857 walnut avenue,"Wed, 17 Feb 2001 21:20:10 +0000"
42,40,03,22477350,88aenn1gn81e,2520 main lane,"Sat, 11 Jan 2000 03:40:42 +0000"
13,15,12,9841184,lq9eoq,6679 park lane,"Sat, 13 Jul 2008 12:15:13 +0000"
12,59,10,2277067,h8aecew6g,4749 high road,"Fri, 03 May 2022 10:59:12 +0000"
44,44,11,58753898,zb4k8oiz8,4833 church avenue,"Wed, 22 Dec 2018 11:44:44 +0000"
04,58,04,50090729,99jhca,9384 river lane,"Fri, 18 Feb 2007 04:58:04 +0000"
04,44,05,28202821,wn06jkloqmh,2972 church drive,"Sun, 02 Sep 2012 05:44:04 +0000"
21,54,15,86536748,eseqgm5vwi,3843 oak road,"Fri, 03 Apr 2008 15:54:21 +0000"
29,16,23,65221190,vtjxu1kau,4034 high avenue,"Sat, 24 Nov 2011 23:16:29 +0000"
18,44,17,37145338,xiv432wt59gl,9939 oak road,"Sun, 27 Mar 2026 17:44:18 +0000"
09,38,23,72302089,qeeb6bz,9668 maple street,"Fri, 09 Sep 2026 23:38:09 +0000"
06,33,11,72444236,jxzosi366,1484 park road,"Fri, 01 Nov 2005 11:33:06 +0000"
33,20,06,82424513,k6i2klj4wco,7990 maple street,"Wed, 12 Apr 1999 06:20:33 +0000"
39,27,20,89746040,7xy43cc,5310 oak drive,"Sat, 27 May 2024 20:27:39 +0000"
40,20,22,99587435,8lyyxe7q,6166 walnut avenue,"Fri, 13 Jun 2024 22:20:40 +0000"
29,59,12,46319454,4a6i2koe6,4601 maple avenue,"Tue, 06 Jun 2017 12:59:29 +0000"
40,07,08,96284739,ho0vh444nk0b,3993 main avenue,"Fri, 19 Mar 2002 08:07:40 +0000"
34,26,21,84505485,cjdkql7zbs,1405 maple lane,"Fri, 16 Aug 2003 21:26:34 +0000"
03,23,06,29452512,0jl6qkv3eoyy,2167 oak street,"Tue, 17 Sep 2019 06:23:03 +0000"
35,46,13,56353932,jgl4c86hf4i8,20 walnut lane,"Fri, 14 Jun 2025 13:46:35 +0000"
15,10,11,5840187,71o4ywg1iq4,3810 walnut street,"Wed, 20 Sep 2011 11:10:15 +0000"
22,43,10,34611998,aa7h7ay,3366 spring road,"Thu, 12 Feb 2002 10:43:22 +0000"
11,38,04,57196360,qq81xrzn099,7905 pine road,"Fri, 18 Aug 2006 04:38:11 +0000"
12,28,06,41168280,wziho2kgn6,6563 high road,"Sun, 18 Oct 2020 06:28:12 +0000"
55,03,00,91890684,dkyafj41feq,3634 elm street,"Fri, 02 Dec 2010 00:03:55 +0000"
22,51,20,53783642,7sdl52am7s,3191 main drive,"Fri, 17 Dec 2005 20:51:22 +0000"
27,15,14,82579402,cxpakfr,6545 elm lane,"Thu, 19 Apr 2014 14:15:27 +0000"
41,39,20,2072459,ef9s9wwrom3,6619 river street,"Wed, 06 Jul 2014 20:39:41 +0000"
44,10,01,14299484,e6svh6q8q2,6179 river lane,"Sun, 08 Jun 2022 01:10:44 +0000"
45,37,06,61595593,3b4hqeyoou0,5786 hill drive,"Mon, 23 May 2005 06:37:45 +0000"
56,55,21,38569355,zve9l4,5143 elm avenue,"Fri, 09 Mar 2021 21:55:56 +0000"
09,35,11,91695110,5mppqno,3323 mill avenue,"Sun, 20 Jun 2002 11:35:09 +0000"
34,15,22,14329594,f5a8c4,6082 river road,"Thu, 19 May 2013 22:15:34 +0000"
33,02,08,24554645,6rzoid7148c6,5690 park avenue,"Thu, 04 Dec 2014 08:02:33 +0000"
19,17,23,61759629,aanyguxq,3067 hill road,"Tue, 09 Aug 2017 23:17:19 +0000"
27,35,20,46059627,l51n0xxz,4582 lake avenue,"Fri, 05 Oct 2019 20:35:27 +0000"
25,47,03,30687709,grp91ymjj4al,6907 lake avenue,"Sun, 21 Sep 2015 03:47:25 +0000"
55,03,18,96721970,5tq9dzgk,984 maple road,"Thu, 27 Nov 2001 18:03:55 +0000"
14,07,05,60388491,vqxx99qwb0h,5753 mill drive,"Tue, 19 Oct 2018 05:07:14 +0000"
26,03,12,87134881,lswu652fys,7599 church avenue,"Sun, 06 Nov 2023 12:03:26 +0000"
58,49,02,45293492,zefkvouus,4383 river lane,"Wed, 15 Jun 2021 02:49:58 +0000"
54,39,08,78785038,20klbipqfn,2735 park street,"Mon, 03 Aug 2015 08:39:54 +0000"
37,37,12,7234328,z7fgqj,1382 church lane,"Wed, 08 Apr 2021 12:37:37 +0000"
59,37,11,38151360,ii7kbcwu4,7655 mill drive,"Wed, 18 Aug 2002 11:37:59 +0000"
45,06,06,93643357,l3178tw48o,1468 lake road,"Wed, 14 May 2002 06:06:45 +0000"
46,09,23,40754867,a7iws4,8768 main lane,"Sun, 16 May 1998 23:09:46 +0000"
49,13,03,57782049,soa9xm091zpk,6386 mill lane,"Tue, 09 Feb 2011 03:13:49 +0000"
08,16,23,83939434,7rs8r0m,1122 pine avenue,"Wed, 04 Nov 2012 23:16:08 +0000"
27,13,12,82920238,r5mubjd8b,3047 oak road,"Wed, 05 Dec 2012 12:13:27 +0000"
40,15,16,97600659,ofja5n,5602 park road,"Sun, 26 Aug 2009 16:15:40 +0000"
53,24,00,62244675,cvfjdrze84l,3149 walnut road,"Sun, 13 Jan 2001 00:24:53 +0000"
21,39,09,95933064,y2pcm3g,8539 church avenue,"Thu, 13 Nov 2007 09:39:21 +0000"
03,38,07,43370807,c97hq4t,3256 elm street,"Sun, 22 Apr 2001 07:38:03 +0000"
07,05,09,31680798,1uakrhzpac4,9769 pine road,"Sun, 03 Apr 2003 09:05:07 +0000"
05,28,02,67108020,vddwj8,1760 pine lane,"Tue, 11 Sep 2023 02:28:05 +0000"
38,45,12,86532918,w2mbywiqc529,4829 hill lane,"Tue, 19 Mar 2015 12:45:38 +0000"
40,20,09,46672763,3r9ke7j2,4845 mill road,"Fri, 12 Aug 1998 09:20:40 +0000"
00,56,03,85644408,ylbxpue8ym,8587 church lane,"Sun, 18 Mar 2017 03:56:00 +0000"
47,02,00,38010942,0uhg7eci,2927 mill street,"Tue, 04 Aug 2004 00:02:47 +0000"
10,45,01,13264482,y57qdx,3617 river street,"Mon, 07 Nov 2013 01:45:10 +0000"
05,03,14,10741620,dx90xdr7c,1154 mill road,"Mon, 07 Sep 2001 14:03:05 +0000"
18,57,15,13596205,o8ymm7pl990,1729 high drive,"Wed, 22 Aug 2020 15:57:18 +0000"
44,16,15,89297317,gkl9z6vk8,9830 lake road,"Wed, 18 Jun 2025 15:16:44 +0000"
22,03,06,49901348,1up8ny9qx,7413 lake lane,"Mon, 24 Jan 2007 06:03:22 +0000"
26,04,15,79971933,7itato,3520 mill road,"Mon, 25 Dec 2024 15:04:26 +0000"
09,57,17,37048339,69jgc3wjiq,6015 walnut drive,"Tue, 08 May 2023 17:57:09 +0000"
18,47,13,40315910,zneu4l,8000 mill drive,"Sun, 04 Oct 2018 13:47:18 +0000"
16,47,12,40328100,yfdvw1,6825 walnut street,"Sun, 25 Apr 2021 12:47:16 +0000"
48,52,19,87624538,aydt7cu8ju6o,2510 main lane,"Thu, 25 Oct 2016 19:52:48 +0000"
57,39,13,67753626,o1szji,5508 oak lane,"Fri, 24 Jan 2015 13:39:57 +0000"
34,41,03,53588549,fz61ii49,3246 lake lane,"Sat, 19 Apr 2015 03:41:34 +0000"
27,27,17,82687695,7pper1ufh01,5985 elm avenue,"Wed, 12 Oct 2018 17:27:27 +0000"
46,02,21,3258985,tkw2j2comxjf,1842 spring street,"Tue, 20 Mar 2025 21:02:46 +0000"
03,42,23,38622439,vht24b,5438 maple drive,"Tue, 07 Sep 2014 23:42:03 +0000"
47,12,08,34726489,4jby7cqkds,3289 high drive,"Wed, 02 Aug 2018 08:12:47 +0000"
19,55,05,1128594,yrxgbs,6333 maple lane,"Fri, 23 Feb 2026 05:55:19 +0000"
51,25,16,42349783,8flm639bc,4054 walnut drive,"Wed, 11 Aug 2010 16:25:51 +0000"
01,41,02,99920431,bwwwtp6,4520 high street,"Sat, 09 Jul 2026 02:41:01 +0000"
59,12,01,3964845,rojvzify7o,6838 maple drive,"Tue, 14 May 2017 01:12:59 +0000"
14,44,10,44205849,8ini8mit7,2216 park avenue,"Sat, 19 Mar 2008 10:44:14 +0000"
51,43,00,9111846,8hlujbu00t,7259 spring road,"Tue, 25 Apr 2001 00:43:51 +0000"
14,36,11,17665789,brooobw,1303 spring lane,"Tue, 17 Oct 2013 11:36:14 +0000"
26,30,09,95575589,xly54ikmoc0,246 walnut road,"Thu, 08 Dec 2019 09:30:26 +0000"
46,48,03,27233861,nel25u3p1zcy,5127 park drive,"Sat, 19 Oct 2015 03:48:46 +0000"
05,42,02,70505248,c7g23cp78zc,9138 park drive,"Sun, 21 Jan 2004 02:42:05 +0000"
41,26,12,39091432,zts3k1sd7,2331 lake lane,"Mon, 24 Sep 2001 12:26:41 +0000"
36,11,06,24138507,8iz0u2bl3m3f,4098 elm avenue,"Sat, 24 Feb 2000 06:11:36 +0000"
12,40,13,15332958,2xf7y6ky9yc,2800 walnut road,"Fri, 28 Nov 2025 13:40:12 +0000"
30,51,05,20154703,jld0tt2,4732 church avenue,"Mon, 05 Apr 1998 05:51:30 +0000"
50,43,02,83568632,qa3558a5pn43,6720 lake street,"Fri, 20 Jan 2005 02:43:50 +0000"
02,55,19,73472947,9ndljdwc,2382 mill street,"Sat, 19 Oct 2007 19:55:02 +0000"
23,23,03,44450977,dg0lks,9748 river drive,"Tue, 15 Dec 2016 03:23:23 +0000"
15,18,12,48353701,ftuxye,7002 mill drive,"Mon, 10 Aug 2002 12:18:15 +0000"
40,37,21,16387680,rv707nndg7f,7925 spring drive,"Sun, 23 May 2011 21:37:40 +0000"
31,20,22,81727739,uq7wi5755los,3172 main street,"Mon, 15 Nov 2023 22:20:31 +0000"
33,34,17,15837722,n00cvw9nams,4169 high street,"Wed, 10 Sep 2015 17:34:33 +0000"
42,07,01,43486321,ahvvzblmvv44,583 church avenue,"Thu, 05 Nov 2012 01:07:42 +0000"
14,42,15,72080563,30d7tu98,307 maple drive,"Sat, 11 Jun 2000 15:42:14 +0000"
53,47,23,20049365,bvy8kylh,5051 spring road,"Sat, 02 May 2011 23:47:53 +0000"
26,00,06,11659801,px2tn7tlh,6132 high street,"Sun, 07 Feb 2012 06:00:26 +0000"
42,06,22,67923458,46jmv4,8580 cedar road,"Tue, 25 Feb 2024 22:06:42 +0000"
31,48,15,69286026,inc3y7hatcf,5461 lake street,"Mon, 17 Nov 2021 15:48:31 +0000"
11,43,05,41950463,tnumms,4533 hill road,"Sun, 15 Nov 2001 05:43:11 +0000"
59,56,01,36605028,krha96g,3385 hill road,"Fri, 11 May 2002 01:56:59 +0000"
12,41,03,94546752,spketv82dib4,827 oak lane,"Mon, 03 Jul 2010 03:41:12 +0000"
17,03,12,24032690,2wtvm8f3if3,1594 lake road,"Sat, 21 Dec 2022 12:03:17 +0000"
01,29,07,62474469,oojqxzlvu,7427 lake street,"Mon, 16 Feb 2009 07:29:01 +0000"
01,55,06,64253595,kswi6gzgu,9112 church street,"Sun, 10 Sep 2012 06:55:01 +0000"
05,54,14,53806676,0pp9k4yevn,9683 park lane,"Fri, 26 Jun 2015 14:54:05 +0000"
28,10,20,93174975,le5h3u9,1600 mill lane,"Tue, 10 Jul 2000 20:10:28 +0000"
55,39,19,80306988,yu5dfn,2277 walnut drive,"Sun, 21 Jan 2022 19:39:55 +0000"
28,39,09,19703143,j28sy2mnutt,7123 spring road,"Mon, 19 Jan 2017 09:39:28 +0000"
59,14,10,68517933,isdx9da9w,1798 mill road,"Sun, 01 Apr 2011 10:14:59 +0000"
40,49,10,94260625,zuyzy18nl4,2279 maple drive,"Thu, 27 Jun 2024 10:49:40 +0000"
55,38,08,56010400,siiaebj,7975 church lane,"Tue, 03 Mar 2018 08:38:55 +0000"
31,29,03,55825175,31l36192ywol,6960 river street,"Fri, 16 Dec 2005 03:29:31 +0000"
25,48,01,95590470,r08xcc4xh4,1312 pine drive,"Sun, 25 May 2012 01:48:25 +0000"
18,18,14,69393794,7fp4e8,9497 cedar drive,"Mon, 11 Sep 2022 14:18:18 +0000"
03,49,20,1457323,364v0wssk,579 spring drive,"Sat, 10 Dec 2023 20:49:03 +0000"
45,00,20,75669375,d4kdsbs5,1352 pine drive,"Mon, 28 May 2006 20:00:45 +0000"
29,52,17,17799051,rrqahlj2xl,4281 high avenue,"Thu, 06 Sep 2025 17:52:29 +0000"
31,35,05,4451335,fjj50yp2,2741 maple drive,"Sat, 27 Jun 1999 05:35:31 +0000"
04,59,01,86212825,hdk3z4t4,8725 maple lane,"Sat, 23 Jul 2013 01:59:04 +0000"
14,08,13,35258951,71as2yu,8688 church street,"Mon, 18 Nov 2009 13:08:14 +0000"
20,08,00,57963319,rvrrgqz3pm,8519 elm avenue,"Wed, 18 Jan 2019 00:08:20 +0000"
07,34,15,1147651,ea0g7g2wosqm,558 main drive,"Mon, 02 Oct 2019 15:34:07 +0000"
25,11,03,29111720,hhfiylhlqs,7651 church street,"Sat, 15 May 2022 03:11:25 +0000"
27,43,10,57318741,uqkerdyyvdq,4337 pine lane,"Mon, 16 Apr 2017 10:43:27 +0000"
31,45,22,52708503,5gj81ng,7235 spring road,"Mon, 02 Feb 2000 22:45:31 +0000"
11,51,21,76694568,q2b5jacyrjv,6412 river street,"Fri, 23 Aug 2013 21:51:11 +0000"
17,29,17,58536669,e8oay4h8w,5464 church road,"Thu, 02 Nov 2018 17:29:17 +0000"
11,16,07,12179115,8vf3sml9,645 park avenue,"Wed, 23 Jul 2026 07:16:11 +0000"
52,31,03,14340160,w5f2micmbp5,6370 oak drive,"Sat, 10 Aug 2015 03:31:52 +0000"
13,56,00,60315001,cvdvcz,1937 maple drive,"Thu, 22 Sep 2002 00:56:13 +0000"
05,32,07,99472248,oecj5b4cpi,236 pine street,"Wed, 27 Feb 2012 07:32:05 +0000"
11,13,06,82047350,egh5oem,6984 elm lane,"Wed, 04 Nov 2016 06:13:11 +0000"
08,14,23,73277417,unclveh,4488 pine lane,"Tue, 23 Jun 2015 23:14:08 +0000"
28,37,10,22156747,pcigykb5f,105 main avenue,"Mon, 23 Nov 2016 10:37:28 +0000"
59,58,02,38091803,4injr720p,2860 river street,"Fri, 06 Dec 2013 02:58:59 +0000"
31,14,17,82157935,tw0a9p,3145 oak drive,"Mon, 20 Jun 2025 17:14:31 +0000"
19,12,04,72450371,o3nrdmhj45,2889 pine street,"Mon, 21 Jun 2007 04:12:19 +0000"
36,13,11,28140660,qv3cgd8lk,477 lake drive,"Mon, 03 Apr 2021 11:13:36 +0000"
16,28,14,59712849,u0muohuogp,6760 mill avenue,"Thu, 08 Feb 2013 14:28:16 +0000"
47,08,17,78539753,d1jn3lyxi,7500 spring avenue,"Sat, 12 May 2004 17:08:47 +0000"
26,48,17,45092572,cdrih33,6853 pine road,"Tue, 10 Oct 2003 17:48:26 +0000"
54,38,09,85640804,k9of075n43,4574 main lane,"Sat, 28 Apr 2005 09:38:54 +0000"
05,19,03,43938918,oja0cc46c,6975 hill lane,"Thu, 26 Dec 2024 03:19:05 +0000"
10,22,23,13163230,5pf9a0niw,4847 maple street,"Mon, 16 Nov 2007 23:22:10 +0000"
39,48,19,21726808,3b33izlx3ae,6306 walnut road,"Fri, 02 May 2011 19:48:39 +0000"
33,06,14,36220517,8nfvd6xdhyx,7625 river street,"Wed, 12 Mar 2018 14:06:33 +0000"
52,43,06,75009585,e9nivp8h4no,5251 elm road,"Fri, 22 Jul 2006 06:43:52 +0000"
30,30,13,7319497,xw2567,2011 lake drive,"Sat, 27 Sep 2026 13:30:30 +0000"
16,53,13,39237057,xem3ffzls,1261 oak avenue,"Wed, 04 Dec 2002 13:53:16 +0000"
58,26,13,66626115,n7bs08i,7765 elm lane,"Thu, 24 Nov 1998 13:26:58 +0000"
35,47,06,39136722,ebo7v0v,5347 lake drive,"Sat, 23 Sep 2024 06:47:35 +0000"
48,13,16,73624224,3titkqo4x,4721 high street,"Tue, 12 May 2012 16:13:48 +0000"
28,37,01,22338873,k8slljkphc,5188 river avenue,"Thu, 09 Jun 2003 01:37:28 +0000"
10,35,09,27545486,cuwjx28k8t,1991 walnut street,"Thu, 16 Mar 2012 09:35:10 +0000"
37,00,16,42988923,a86vs4s,9400 church avenue,"Sun, 19 Dec 2012 16:00:37 +0000"
56,55,16,45467454,h4ci9htbzo2,5856 oak road,"Mon, 20 Nov 2004 16:55:56 +0000"
24,35,09,78316842,ormbf82f6z,3186 lake road,"Fri, 20 Sep 1999 09:35:24 +0000"
14,14,08,89501869,zj1xyxas,5652 elm road,"Thu, 28 Sep 2000 08:14:14 +0000"
40,46,09,28960113,202sk10ifjn,4969 lake drive,"Wed, 03 Oct 2022 09:46:40 +0000"
36,32,20,50445319,a0r0l9,7572 spring drive,"Sun, 05 Apr 2003 20:32:36 +0000"
39,14,02,51250239,95ctt593,3679 main street,"Tue, 09 May 2018 02:14:39 +0000"
08,30,05,85447748,hs0l5pbhr,8079 oak drive,"Sat, 12 Oct 2013 05:30:08 +0000"
15,31,03,75920136,q4hx6bqkd,2395 elm lane,"Sat, 05 Jun 2003 03:31:15 +0000"
13,07,03,7108551,x0wdss7e,8420 maple avenue,"Sun, 04 Oct 2022 03:07:13 +0000"
01,31,12,22442603,uutrxg8wja,2244 hill road,"Wed, 25 Aug 2011 12:31:01 +0000"
48,42,19,45686049,gnj6om9,8613 mill drive,"Sat, 18 Dec 2022 19:42:48 +0000"
22,04,15,15306356,3ehib4wtx,2278 mill lane,"Fri, 17 Jun 2003 15:04:22 +0000"
16,28,21,95290478,bhoijoti,3439 pine street,"Thu, 23 Feb 2000 21:28:16 +0000"
00,17,08,2534153,41cmgc6d4hqc,1086 cedar street,"Sun, 04 Feb 2017 08:17:00 +0000"
21,09,20,27578480,mlwbfjrwwk,8203 high drive,"Tue, 17 Oct 2000 20:09:21 +0000"
13,13,02,13311739,a7nmsk8agn64,6005 spring drive,"Tue, 15 Nov 2001 02:13:13 +0000"
38,05,14,24283079,wy1n6o0huh3h,8516 pine lane,"Sun, 12 Dec 2007 14:05:38 +0000"
35,01,19,74787007,cfu5hys3t2o,9076 park road,"Sun, 14 Apr 2025 19:01:35 +0000"
30,14,15,9352782,4xla5gz27fhj,6469 park drive,"Mon, 24 Mar 2000 15:14:30 +0000"
50,29,19,48826328,vmzho15,4564 high drive,"Fri, 09 Nov 2010 19:29:50 +0000"
16,17,17,47804571,z56rj3ghq,8018 lake avenue,"Sat, 05 Jan 2001 17:17:16 +0000"
06,51,20,99035619,e5blyu,2503 cedar drive,"Fri, 04 Feb 2019 20:51:06 +0000"
46,34,08,69796361,53ms556q8v88,290 high street,"Thu, 04 Jul 2012 08:34:46 +0000"
24,20,17,42229420,y23ccl9tk51i,5120 spring lane,"Thu, 25 Feb 2016 17:20:24 +0000"
51,52,10,90610265,98449k6dz,4316 lake drive,"Thu, 20 Nov 2009 10:52:51 +0000"
28,52,02,38186560,dbcixwbv,6236 oak lane,"Wed, 12 Jul 2009 02:52:28 +0000"
27,22,14,7586489,ppptfethvkb,8822 elm street,"Thu, 22 Jul 2016 14:22:27 +0000"
51,15,01,69099893,rb4buyyug,8002 oak avenue,"Wed, 16 Sep 2023 01:15:51 +0000"
51,16,18,89585241,ktx1m5e8,3508 cedar road,"Mon, 10 Oct 2010 18:16:51 +0000"
50,47,20,30327902,fgvre741nw,1257 church road,"Fri, 26 May 2011 20:47:50 +0000"
00,49,18,89057650,um0zq639lb,8458 mill avenue,"Fri, 16 Apr 2019 18:49:00 +0000"
25,48,20,99627472,r81d7mx3j,3939 pine road,"Sun, 14 Jul 2008 20:48:25 +0000"
00,35,22,8657316,n0rskqpzphj,3145 main avenue,"Sun, 27 May 2012 22:35:00 +0000"
06,22,05,65156916,11cmkribqr,9023 pine street,"Sat, 16 Jan 1999 05:22:06 +0000"
45,22,04,11274832,te0xfzip,1834 river drive,"Mon, 17 Nov 2024 04:22:45 +0000"
56,20,16,77912618,7q5fphuvyp1n,2364 oak avenue,"Tue, 09 Aug 2011 16:20:56 +0000"
39,17,06,34142362,d58xhu814prj,5948 lake road,"Sun, 10 Jan 2018 06:17:39 +0000"
10,05,06,81321077,dpq9yt,5946 walnut street,"Fri, 28 Apr 2025 06:05:10 +0000"
52,42,07,59388298,azqtfptnk,7191 church road,"Sun, 25 Nov 2011 07:42:52 +0000"
00,01,07,4557522,f540v1gk,4276 hill street,"Wed, 14 Oct 2021 07:01:00 +0000"
39,35,04,73524771,u3bdl2iazmt,5141 river street,"Mon, 06 Apr 2014 04:35:39 +0000"
13,33,01,95782930,i0u24iqlusmf,6792 elm avenue,"Thu, 13 Oct 2005 01:33:13 +0000"
52,24,15,2792955,9of3mq,2765 main lane,"Fri, 14 Oct 2006 15:24:52 +0000"
11,51,02,20042157,xkha71,7434 mill lane,"Mon, 08 Dec 2004 02:51:11 +0000"
07,51,15,25584404,rs5yi1nnsm0l,6694 high avenue,"Mon, 10 May 2005 15:51:07 +0000"
05,21,07,82913638,px3fa4iuz,3477 spring lane,"Sat, 14 Dec 2017 07:21:05 +0000"
11,50,22,34400017,g9ddvp,7716 walnut road,"Fri, 22 Oct 2020 22:50:11 +0000"
02,23,05,6118500,q6ytzx,2167 walnut drive,"Mon, 19 Mar 2006 05:23:02 +0000"
54,39,21,22809095,5v3ifu71jq,1915 elm street,"Tue, 16 May 2021 21:39:54 +0000"
21,23,09,48407866,sqq7u1ku5,2479 hill lane,"Mon, 07 Mar 1999 09:23:21 +0000"
30,38,11,30861360,c4qk31h,8109 main lane,"Wed, 23 Sep 2013 11:38:30 +0000"
23,26,02,61449467,hjhwfnslk,8336 mill road,"Fri, 22 Oct 2004 02:26:23 +0000"
06,10,03,78332404,7l0ep5,1546 walnut road,"Mon, 10 Nov 2019 03:10:06 +0000"
48,07,14,16383347,xgujbf343,4413 river street,"Wed, 02 Nov 2017 14:07:48 +0000"
23,15,20,60824320,indsude9,9868 park street,"Thu, 09 Mar 2005 20:15:23 +0000"
02,28,14,53551768,bnkyzs,2526 oak road,"Thu, 26 Jul 2021 14:28:02 +0000"
58,05,20,41631092,iwgx6m52y4r,9226 river lane,"Mon, 25 Jul 2023 20:05:58 +0000"
26,52,11,49433803,l11fc6v3oj,8116 hill drive,"Mon, 10 Aug 2011 11:52:26 +0000"
22,03,10,10637779,4tjitp71sd9e,739 hill street,"Fri, 14 Jul 2001 10:03:22 +0000"
16,55,18,62375138,qwqf6bh3llz,742 oak lane,"Sat, 10 Jun 2016 18:55:16 +0000"
51,40,16,97196343,2qvlnlfqg,7108 hill street,"Mon, 13 Feb 1998 16:40:51 +0000"
00,27,00,23059928,43z5txztfii,228 maple street,"Sun, 01 Dec 2004 00:27:00 +0000"
05,41,22,3609088,4jp18mf,4931 high lane,"Tue, 16 Jul 1998 22:41:05 +0000"
34,23,21,15640838,j254b2p,3299 cedar drive,"Sun, 27 Jul 1999 21:23:34 +0000"
33,01,19,44818596,g1059s,607 lake lane,"Thu, 17 Oct 2021 19:01:33 +0000"
37,16,15,82083508,5od7b1u9er0,7756 oak lane,"Fri, 21 Jun 2012 15:16:37 +0000"
48,05,04,93628803,bksm4w2o6,3600 river road,"Fri, 28 Dec 2019 04:05:48 +0000"
21,05,15,62886614,sy0x4kn,4628 spring street,"Sat, 16 Mar 2003 15:05:21 +0000"
53,26,05,26784319,5g05tpn,9124 main street,"Wed, 09 Jun 2019 05:26:53 +0000"
44,23,05,21297665,6cev1ho,1978 hill avenue,"Thu, 09 Jun 2023 05:23:44 +0000"
44,37,20,47689636,c9rj6gd23hgg,9216 main drive,"Mon, 06 Nov 2001 20:37:44 +0000"
21,24,21,27576472,ks265gjx,5483 mill avenue,"Mon, 28 Apr 2012 21:24:21 +0000"
52,12,21,55810998,ap4vs6kfrx0x,4022 pine drive,"Thu, 26 Apr 2002 21:12:52 +0000"
53,38,03,57565628,037xb2ja7,1141 oak road,"Wed, 13 Mar 2011 03:38:53 +0000"
45,50,03,8260139,cjd7s0z9t,5140 walnut road,"Mon, 27 May 2026 03:50:45 +0000"
12,29,20,70849007,jz2n82wzmt,1381 main drive,"Wed, 13 Dec 2021 20:29:12 +0000"
37,40,03,99338127,78snf69,5116 hill road,"Sun, 21 Mar 1998 03:40:37 +0000"
58,24,10,3753496,8qpt16hdxq6w,2029 main street,"Thu, 10 Oct 2021 10:24:58 +0000"
06,30,19,709730,vp8owtsiy,8515 spring avenue,"Mon, 11 Sep 2016 19:30:06 +0000"
11,31,12,25854329,x3gj10ffd1i4,3520 lake street,"Wed, 22 Sep 2010 12:31:11 +0000"
36,57,14,78962163,7zq51250kj,8287 pine lane,"Sat, 15 Mar 2020 14:57:36 +0000"
00,37,09,68888589,7hn34ck9xh0h,1981 elm drive,"Wed, 02 Sep 2002 09:37:00 +0000"
46,56,13,15813092,txts5bjj,9661 park street,"Wed, 10 Apr 2003 13:56:46 +0000"
24,50,23,99285528,ah9wec04t,9270 lake road,"Sun, 13 Aug 2024 23:50:24 +0000"
46,40,17,96651259,ii6322juf0yo,6479 elm drive,"Mon, 22 Aug 2021 17:40:46 +0000"
36,49,20,37238655,fkbt9h9fm8d,9343 hill avenue,"Sun, 16 Sep 2026 20:49:36 +0000"
17,10,22,2515049,8lbrnp,9496 lake street,"Sun, 18 Oct 2008 22:10:17 +0000"
23,13,17,53938396,c5bv1l0b7u,6259 cedar street,"Mon, 04 Sep 2003 17:13:23 +0000"
50,21,01,38309260,lqfjt0k,966 river road,"Tue, 01 Dec 1999 01:21:50 +0000"
10,16,06,40010149,guj0uqyhd,3319 maple drive,"Fri, 08 Aug 2014 06:16:10 +0000"
39,01,10,67712274,hrdu390e4,474 park avenue,"Mon, 09 Sep 2016 10:01:39 +0000"
18,40,14,90620043,p9it02,1375 mill drive,"Tue, 26 Mar 2009 14:40:18 +0000"
15,14,05,72546595,p8192ca,7613 mill drive,"Wed, 21 Mar 1998 05:14:15 +0000"
34,30,22,8086555,rqywn6sck,8751 river street,"Wed, 03 Jul 2020 22:30:34 +0000"
37,09,22,16515688,i9r1n6uvq2rp,5270 elm avenue,"Thu, 20 Jun 1998 22:09:37 +0000"
34,37,14,92867872,a4aal09,8012 high lane,"Fri, 03 Nov 2018 14:37:34 +0000"
43,24,01,10414976,b2hwywylah,7581 elm avenue,"Thu, 01 Apr 2021 01:24:43 +0000"
37,24,14,2665050,rwmftoo5xcr5,9930 maple street,"Tue, 27 Nov 2010 14:24:37 +0000"
09,04,12,14900990,r65k9mleieiq,9338 mill avenue,"Fri, 24 May 2004 12:04:09 +0000"
59,38,08,91006763,8q93a1,850 mill road,"Thu, 28 Jul 2006 08:38:59 +0000"
40,47,01,16346672,735x7codr08,7355 elm street,"Thu, 07 Jun 2000 01:47:40 +0000"
07,18,17,76758329,bo1epmkvtegb,7864 park street,"Fri, 26 Nov 2008 17:18:07 +0000"
43,46,09,33619390,g4pvdv7,3879 oak drive,"Fri, 15 Feb 2018 09:46:43 +0000"
36,33,13,59932335,hfdcyueid2,898 cedar drive,"Sat, 14 Feb 2001 13:33:36 +0000"
11,44,00,90951162,9dsyzg,6736 maple drive,"Sun, 22 Oct 1998 00:44:11 +0000"
04,18,12,60865827,31gvb37vm,1770 oak street,"Fri, 23 Feb 2016 12:18:04 +0000"
02,02,11,25996503,i6qw042lpi,723 main avenue,"Wed, 19 Jul 2014 11:02:02 +0000"
16,19,11,87480361,wt8jj4tvsxa7,9609 church avenue,"Mon, 08 Sep 2024 11:19:16 +0000"
25,12,10,75098096,d1wmmmevm43v,9477 river road,"Fri, 10 Jul 2008 10:12:25 +0000"
57,53,17,21790851,3c5oao,3773 lake drive,"Tue, 08 Aug 2021 17:53:57 +0000"
33,34,03,44505204,ynzlaxaewb9h,2334 cedar lane,"Tue, 21 Oct 2022 03:34:33 +0000"
58,17,08,48316200,bmmslo,4293 spring avenue,"Wed, 28 Sep 2005 08:17:58 +0000"
34,53,04,23973425,blqgbiy,1819 elm avenue,"Wed, 15 Apr 2009 04:53:34 +0000"
24,56,10,49986005,k71ehjimm8y,6132 elm drive,"Thu, 21 Apr 1999 10:56:24 +0000"
59,07,16,82691879,m8sjupdri6,9570 walnut lane,"Tue, 24 Feb 2023 16:07:59 +0000"
56,40,11,63181894,ek6y6x573lux,8610 spring lane,"Sat, 16 Aug 2006 11:40:56 +0000"
33,48,09,78015556,cnom2pznt,6964 walnut lane,"Fri, 06 Jun 2006 09:48:33 +0000"
27,10,15,73903835,ifs27w,3772 river street,"Thu, 17 Oct 2008 15:10:27 +0000"
35,01,22,57200488,310x5uryb,2943 lake avenue,"Wed, 21 Feb 2009 22:01:35 +0000"
14,30,23,11072025,668frogh,1169 elm street,"Fri, 07 Jun 2004 23:30:14 +0000"
03,15,03,90621371,qtrmi8qa,4907 cedar road,"Sun, 13 Jul 2024 03:15:03 +0000"
33,50,06,77850078,a46jzoon4o79,7680 spring lane,"Wed, 26 Feb 2008 06:50:33 +0000"
56,04,16,25222337,0n229bxii,5007 spring street,"Thu, 26 Nov 2024 16:04:56 +0000"
47,41,07,47611987,o01z8tub,9300 high street,"Tue, 05 Jun 2016 07:41:47 +0000"
28,49,14,84545600,zynze8ym4gv2,4992 oak avenue,"Mon, 22 Sep 2003 14:49:28 +0000"
19,38,17,4312906,5blmeysnos7e,7450 main road,"Fri, 01 Mar 2008 17:38:19 +0000"
18,48,18,55154861,khi804eyn,2129 mill avenue,"Wed, 14 Dec 2019 18:48:18 +0000"
49,36,13,63733896,tm63rma,2338 lake street,"Sun, 13 Oct 2023 13:36:49 +0000"
47,02,02,33140320,v533cfs3wt,6408 river avenue,"Thu, 08 Mar 2026 02:02:47 +0000"
37,45,18,82921191,13ylgzcpkr8,4783 church street,"Sat, 24 Dec 2026 18:45:37 +0000"
16,47,05,29169454,09hxeg6u0,7389 pine road,"Tue, 17 Jan 2012 05:47:16 +0000"
20,23,02,3596013,3yvzmz,619 main road,"Mon, 23 Mar 2008 02:23:20 +0000"
39,19,11,89975548,353ef9p2i4r,2644 pine street,"Fri, 04 Mar 2007 11:19:39 +0000"
06,27,18,16673316,zkearj2wln,565 walnut drive,"Tue, 15 Dec 1999 18:27:06 +0000"
12,41,14,85210126,7gyt2dadympx,3909 maple street,"Mon, 14 Jan 1998 14:41:12 +0000"
19,56,04,45257029,meogkkc06guu,9209 church avenue,"Fri, 07 Sep 2010 04:56:19 +0000"
19,05,19,57439121,ongwul,246 park road,"Mon, 13 Apr 2012 19:05:19 +0000"
17,42,20,29550811,rxcen0,4941 high drive,"Thu, 04 Dec 2015 20:42:17 +0000"
14,03,01,76407410,qguyivl,5210 mill lane,"Mon, 11 Jan 2017 01:03:14 +0000"
32,19,06,78532325,y6o6aobht,3874 spring lane,"Sun, 08 Oct 2000 06:19:32 +0000"
05,01,07,8052731,x5smjyn,622 maple drive,"Thu, 24 Jun 2002 07:01:05 +0000"
29,18,07,37339499,c70sbovv,3970 maple drive,"Mon, 22 Apr 2023 07:18:29 +0000"
53,05,02,92264533,oy7ul2ae5em,854 church avenue,"Tue, 05 Feb 2003 02:05:53 +0000"
01,05,09,79551539,np6f13tkmp,6948 pine drive,"Tue, 10 May 2016 09:05:01 +0000"
14,12,01,60175940,mr4fxzyk421,8279 river lane,"Sun, 05 Aug 1998 01:12:14 +0000"
07,37,16,51203233,ft8j9lqy3,5012 lake road,"Thu, 18 Oct 2013 16:37:07 +0000"
26,50,01,9665576,i4mjmaa6,6132 lake lane,"Thu, 13 Dec 2009 01:50:26 +0000"
15,07,13,51554630,te0chykm1,4183 high road,"Fri, 23 Aug 2018 13:07:15 +0000"
57,14,07,92417482,dy1pp4cx,463 spring avenue,"Wed, 20 Aug 2019 07:14:57 +0000"
30,58,09,19789316,pkahfyzf,8496 walnut avenue,"Thu, 06 Jul 2006 09:58:30 +0000"
40,24,13,92866763,68yt0fgw,2339 cedar avenue,"Sat, 13 Dec 2007 13:24:40 +0000"
06,54,16,871718,5age070,4725 spring lane,"Tue, 06 Jun 2003 16:54:06 +0000"
27,23,18,94505615,m5l6h2n,3042 maple street,"Sat, 06 Apr 2006 18:23:27 +0000"
08,27,14,54877187,gkfsfyhre,5606 main drive,"Tue, 16 Aug 2019 14:27:08 +0000"
04,08,23,13540374,dracgn,8558 high street,"Thu, 20 Sep 2022 23:08:04 +0000"
36,30,04,35689876,4v1vxvupx,6529 park drive,"Mon, 12 Jun 2023 04:30:36 +0000"
45,06,01,13455578,3zibh7,4579 spring avenue,"Wed, 15 Oct 2019 01:06:45 +0000"
31,48,08,88442853,460maubxcu2o,9942 lake lane,"Sat, 20 Feb 2009 08:48:31 +0000"
39,33,13,57443950,gysmj76ci,8159 high street,"Wed, 27 Nov 2015 13:33:39 +0000"
46,47,17,62663244,2h48ppn,2793 high street,"Mon, 14 Dec 1998 17:47:46 +0000"
42,37,21,21516414,yroq4hi8,8061 oak road,"Sun, 08 Oct 2022 21:37:42 +0000"
31,14,16,80631827,vyy91o,3663 cedar street,"Wed, 03 Feb 2000 16:14:31 +0000"
56,27,06,45675951,mhxiuyatd8m,6360 park road,"Sun, 12 Nov 2023 06:27:56 +0000"
44,16,17,16962687,ogza83ujso,8190 church lane,"Tue, 20 May 2002 17:16:44 +0000"
03,22,21,89311859,cut6hr4n5syd,5459 pine avenue,"Sun, 24 Apr 2020 21:22:03 +0000"
24,04,20,98757415,l5ztkb,8978 park road,"Thu, 22 Aug 2009 20:04:24 +0000"
03,44,12,52537814,e7ssm9zgi,5299 high drive,"Sun, 26 Jan 2025 12:44:03 +0000"
01,32,12,95249226,3ki24sjn,3574 high avenue,"Sat, 21 Jan 2009 12:32:01 +0000"
12,57,05,97446367,gjy1kdgw4ldh,8445 church road,"Fri, 14 Mar 2018 05:57:12 +0000"
03,25,09,96989075,pchpz5tly,1469 high lane,"Sun, 27 Nov 2010 09:25:03 +0000"
27,17,03,36948871,2xahhfh56ob,9615 river drive,"Thu, 09 Dec 2021 03:17:27 +0000"
44,22,10,12700720,ly41tigue8lz,324 park drive,"Sun, 18 Sep 2013 10:22:44 +0000"
57,59,00,8590762,8hnhlla92u,2016 main avenue,"Fri, 07 Nov 2003 00:59:57 +0000"
27,04,14,11797125,qcfh6tx8k1,2 maple road,"Mon, 17 May 2019 14:04:27 +0000"
27,48,01,71696010,i5u7w86ng,733 maple street,"Tue, 05 May 2025 01:48:27 +0000"
52,55,05,28895391,9nwri1e,9009 cedar road,"Thu, 21 Mar 2010 05:55:52 +0000"
07,50,20,61222377,q1j8ne,4414 church avenue,"Sat, 12 Oct 2019 20:50:07 +0000"
11,48,07,86952366,6k0ju1ybperh,8708 oak drive,"Thu, 03 Jun 2018 07:48:11 +0000"
32,03,08,11951909,vrjoragy,3641 park street,"Sun, 04 Mar 2014 08:03:32 +0000"
13,34,23,97764450,5g7ws9rg,786 pine road,"Sun, 13 Mar 2009 23:34:13 +0000"
45,11,08,99505217,89z4iqa6jij,6207 river road,"Mon, 24 Nov 2009 08:11:45 +0000"
36,31,07,94969366,p03l2w36sr17,3749 cedar street,"Wed, 14 Jun 2025 07:31:36 +0000"
49,47,09,12108465,fepfkdfs95a,6947 church drive,"Sat, 05 Aug 2013 09:47:49 +0000"
24,43,23,69133671,8hzama18wp7,9982 main drive,"Thu, 06 Nov 2026 23:43:24 +0000"
34,54,14,70275183,lexi6wd,6926 lake lane,"Tue, 12 Feb 2008 14:54:34 +0000"
16,41,18,91152316,8hst4sq,3491 main drive,"Thu, 07 May 2018 18:41:16 +0000"
48,43,00,69203132,c35dwa3vtwga,5730 walnut avenue,"Thu, 12 Jan 2001 00:43:48 +0000"
26,19,00,57831509,mf76j0h5a,2550 high road,"Tue, 16 Jul 2009 00:19:26 +0000"
40,15,17,40179346,1l8rg22k,2292 elm lane,"Mon, 12 Dec 2004 17:15:40 +0000"
02,49,04,14863291,sciz0vc,2627 church avenue,"Thu, 22 May 2001 04:49:02 +0000"
12,34,23,56528457,95iuz6yih,1768 high street,"Tue, 05 Jun 2014 23:34:12 +0000"
21,18,06,1841931,pdv1a14ss5f1,4060 river avenue,"Sat, 17 Mar 2005 06:18:21 +0000"
12,53,21,37743815,hqp1m4g6lmjo,1974 pine lane,"Mon, 09 Apr 2002 21:53:12 +0000"
29,18,00,57227417,mfdy07,5021 spring avenue,"Tue, 11 Jul 2013 00:18:29 +0000"
49,08,08,8244220,1dthrxrw0p,5241 walnut street,"Tue, 02 Jan 1999 08:08:49 +0000"
21,11,09,88651515,uns4rg1lq5x,5477 cedar street,"Mon, 22 Jan 2019 09:11:21 +0000"
56,08,22,74067077,ivxx7xprnyfg,2138 church drive,"Mon, 02 Oct 2026 22:08:56 +0000"
17,07,11,87836062,mm2ge8vt4m8j,718 pine avenue,"Thu, 18 Dec 2006 11:07:17 +0000"
05,24,23,75218373,x2h1e407,8256 high street,"Tue, 20 May 2020 23:24:05 +0000"
34,01,10,17315260,cdmz586e,2712 lake drive,"Thu, 18 Jul 2010 10:01:34 +0000"
49,25,15,81509471,nlakna63,8255 spring drive,"Wed, 10 Apr 2007 15:25:49 +0000"
25,42,13,95070337,9hkoc8ps,641 church avenue,"Wed, 05 May 2025 13:42:25 +0000"
46,41,12,6924893,pn8hawxuf9q,2190 park drive,"Wed, 11 Jan 2018 12:41:46 +0000"
41,42,16,1406963,worlqb8gyq9n,7245 maple road,"Wed, 07 Oct 2018 16:42:41 +0000"
29,10,09,53088200,2o1xj4f,8126 pine lane,"Tue, 27 Mar 2004 09:10:29 +0000"
41,56,07,76468200,lsbtklzme,2352 oak lane,"Tue, 15 Nov 2010 07:56:41 +0000"
31,59,16,13463152,7iagyybhaci,4069 high street,"Wed, 05 Nov 2017 16:59:31 +0000"
02,00,11,1821523,ag8vfmi42ktv,7847 pine avenue,"Mon, 18 Dec 2006 11:00:02 +0000"
21,57,18,84229725,hbcg8sg60j,20 walnut avenue,"Mon, 08 Jul 2010 18:57:21 +0000"
17,42,22,19790540,soyh5kho,1667 cedar road,"Mon, 20 Jun 2001 22:42:17 +0000"
35,27,14,48394619,cjl17v,9825 pine lane,"Tue, 22 Nov 2007 14:27:35 +0000"
49,16,21,83863635,swgr5xqeajju,2422 park lane,"Sat, 26 Aug 2024 21:16:49 +0000"
30,43,03,9044683,1rjfui,2980 high lane,"Wed, 11 Aug 2011 03:43:30 +0000"
03,16,00,64607455,0vipy095885,8725 hill avenue,"Thu, 03 Oct 2020 00:16:03 +0000"
25,37,18,56628508,ofpxanbx94,2189 walnut street,"Mon, 12 Jun 2025 18:37:25 +0000"
31,37,13,18713143,3j90pnod,2258 oak avenue,"Thu, 24 Jan 2020 13:37:31 +0000"
31,26,20,57013442,dge4kbjx,2315 oak avenue,"Mon, 01 Oct 2024 20:26:31 +0000"
08,34,23,55910995,l4i7t40,5527 lake street,"Wed, 04 Mar 1999 23:34:08 +0000"
06,37,21,86238754,l6kaz1,7444 hill road,"Fri, 17 May 2020 21:37:06 +0000"
29,10,22,30519683,krf7yinzd,3587 park avenue,"Sun, 24 Sep 2017 22:10:29 +0000"
31,17,10,10372848,34uzykdx1mrg,1711 oak road,"Fri, 25 Jun 1998 10:17:31 +0000"
01,52,10,32159161,k8genatm,9039 maple street,"Tue, 09 Feb 2016 10:52:01 +0000"
09,56,03,75815745,4cduft,139 elm road,"Thu, 17 Apr 2008 03:56:09 +0000"
22,32,17,52440988,wigv06g6jby,7815 river street,"Wed, 06 Mar 2019 17:32:22 +0000"
27,19,02,62167065,fonjk6,8460 spring drive,"Sat, 17 Jun 2012 02:19:27 +0000"
37,14,12,17619040,sx1cypne,2497 river lane,"Mon, 26 Jan 2002 12:14:37 +0000"
59,03,10,41556065,f5g3uksker,9446 elm road,"Mon, 03 Mar 2020 10:03:59 +0000"
24,19,23,61849630,4q2ih5cx,4697 park lane,"Sun, 20 Nov 2002 23:19:24 +0000"
16,50,11,59176889,6uxf062q,700 river street,"Sat, 26 Apr 2020 11:50:16 +0000"
51,04,10,75279356,jgsykz,1196 maple lane,"Sun, 15 Nov 2000 10:04:51 +0000"
29,30,09,46843660,383gflgz1,3269 park road,"Mon, 11 Jun 2017 09:30:29 +0000"
18,53,23,65279412,4hr3c8j,7700 pine avenue,"Wed, 19 Jan 2017 23:53:18 +0000"
09,43,23,51050965,x14ndn,376 high lane,"Wed, 09 Nov 2003 23:43:09 +0000"
43,52,10,11229432,erzft20,8598 maple road,"Tue, 27 Jan 2000 10:52:43 +0000"
28,51,06,57526899,tkmw0448,2633 spring lane,"Wed, 23 Oct 2010 06:51:28 +0000"
31,27,05,1342984,mejuuaj3j5,5185 oak lane,"Wed, 17 Dec 1998 05:27:31 +0000"
02,50,18,60483000,i2gcnm08kynw,3437 maple drive,"Mon, 12 Jun 1998 18:50:02 +0000"
56,44,08,40536300,6h5300ww,8888 park drive,"Sun, 11 Feb 2003 08:44:56 +0000"
01,04,02,61592256,xl9k81ys1,4641 spring drive,"Sun, 04 Feb 2023 02:04:01 +0000"
47,50,21,13943416,b0g58g,7277 hill drive,"Sun, 02 Nov 2007 21:50:47 +0000"
45,42,14,56467460,o39yhm4,2039 elm lane,"Thu, 27 Nov 2020 14:42:45 +0000"
08,38,11,99485879,axo6srqt0,3958 main lane,"Mon, 01 Jan 2002 11:38:08 +0000"
40,05,05,50261887,7uvk1p9zmzd1,2112 church lane,"Sat, 06 Jul 2026 05:05:40 +0000"
36,55,00,42708007,k1ogi6hzq9,2606 elm avenue,"Mon, 03 Jan 2011 00:55:36 +0000"
44,51,23,1558620,jb8fybi3wlp,3634 cedar avenue,"Fri, 27 Apr 2021 23:51:44 +0000"
31,06,18,50758656,qdrfjbgh3hgj,4628 cedar avenue,"Mon, 03 Aug 2025 18:06:31 +0000"
45,45,10,48515926,nzg5b0e5en0y,5138 church lane,"Sun, 06 Mar 2007 10:45:45 +0000"
43,26,09,1371006,chvw48a,2596 hill road,"Mon, 07 Oct 1998 09:26:43 +0000"
22,14,15,71944552,76jnxh,3555 main road,"Tue, 08 Feb 2021 15:14:22 +0000"
51,43,14,92835211,rr4mfw9,4823 lake lane,"Thu, 17 Jul 2004 14:43:51 +0000"
11,08,14,33576934,mrzgtkn,7993 park lane,"Thu, 20 Dec 2006 14:08:11 +0000"
09,17,01,42791724,gy1mwxe2kc,8379 cedar drive,"Thu, 10 Oct 2024 01:17:09 +0000"
38,13,21,86593583,wzbhlu1lwp,1191 maple road,"Wed, 05 Jun 2001 21:13:38 +0000"
38,49,20,1302919,avn3uo9e,6318 cedar drive,"Tue, 17 Apr 2001 20:49:38 +0000"
52,54,06,75300602,e01uummd,8093 lake street,"Wed, 14 Feb 2001 06:54:52 +0000"
39,29,12,60781788,uypbsba,7566 cedar avenue,"Sun, 13 Jan 2026 12:29:39 +0000"
45,05,08,71610729,cvbe4g0tru,5666 park street,"Fri, 25 Jun 2013 08:05:45 +0000"
55,27,19,82194286,zt35hx,1684 main avenue,"Mon, 27 Jan 2002 19:27:55 +0000"
25,14,23,14121073,1okfmx8a,861 cedar street,"Mon, 02 May 2000 23:14:25 +0000"
15,19,17,35406856,yrki3hiu,2425 high drive,"Sun, 14 Nov 2012 17:19:15 +0000"
08,03,13,89699017,77p45r,5275 high lane,"Tue, 03 May 2022 13:03:08 +0000"
14,28,18,39769879,fw9pnee5dna,3542 lake lane,"Tue, 16 Feb 2008 18:28:14 +0000"
47,55,10,28016066,76ut3j6gioxy,7413 mill drive,"Fri, 07 Jul 2004 10:55:47 +0000"
20,11,06,9222612,1ktgj3gh,3942 main lane,"Tue, 09 Jan 2013 06:11:20 +0000"
34,56,23,88846768,2wqh9fw1nj,6504 hill lane,"Fri, 11 Jan 2012 23:56:34 +0000"
30,19,20,36596258,gdy1msmz,2895 river road,"Fri, 20 Aug 2014 20:19:30 +0000"
41,35,06,58202155,dphohd,585 river road,"Tue, 03 Sep 2001 06:35:41 +0000"
46,41,10,36981545,zzzgor5,3371 pine avenue,"Wed, 21 May 2020 10:41:46 +0000"
13,33,03,80045829,agl64tpk,5163 church street,"Tue, 06 Jun 2026 03:33:13 +0000"
26,08,17,61108100,a41vblq,1262 pine street,"Fri, 12 Aug 2016 17:08:26 +0000"
29,39,04,145086,p4hcbso76,2742 high avenue,"Sun, 04 Feb 2007 04:39:29 +0000"
02,25,09,98819274,25w8q5qx,7517 main road,"Wed, 23 Jun 2026 09:25:02 +0000"
13,21,20,69512107,4hr7bj0ojw5b,4004 river lane,"Wed, 07 Dec 2000 20:21:13 +0000"
55,39,06,26027047,gr827lqwv,6407 river lane,"Wed, 10 Apr 1999 06:39:55 +0000"
12,13,12,77791432,vh13wsha5j,7641 church avenue,"Fri, 10 Oct 2015 12:13:12 +0000"
38,49,23,89173564,t5sesa3,671 maple road,"Sun, 19 Feb 1999 23:49:38 +0000"
04,15,03,65557434,a1wadqiw,4642 high drive,"Sat, 25 Sep 2002 03:15:04 +0000"
31,05,08,11553189,rjm1fsoc4wp,6329 park lane,"Mon, 09 May 2017 08:05:31 +0000"
07,56,12,41716253,1uimqi0,9082 maple road,"Wed, 03 May 2016 12:56:07 +0000"
52,07,08,84341525,8ly1gi72u,8255 walnut road,"Thu, 12 Jul 2012 08:07:52 +0000"
50,10,11,56449314,3b9b0fitp,9509 hill road,"Tue, 20 Sep 2026 11:10:50 +0000"
32,18,15,75920137,dziza373,891 oak street,"Wed, 27 Nov 2001 15:18:32 +0000"
46,03,12,44769391,gs4vdh6dn7,2362 hill lane,"Tue, 08 Nov 2018 12:03:46 +0000"
57,31,13,20783615,ta5mheaj,9893 walnut street,"Fri, 04 Apr 2004 13:31:57 +0000"
12,29,09,13915899,b62zdhtz4,3016 mill avenue,"Sun, 28 Sep 2006 09:29:12 +0000"
11,19,21,82253262,2h1jbljpk68,3283 lake lane,"Wed, 10 Nov 2001 21:19:11 +0000"
21,42,10,79032539,xrzyg301j,459 cedar lane,"Mon, 19 Jul 1998 10:42:21 +0000"
06,53,16,77928501,c2cwi33r,150 pine road,"Fri, 28 Sep 2004 16:53:06 +0000"
17,17,04,46829717,7y6eljwv3ir,4964 walnut lane,"Mon, 27 Nov 2013 04:17:17 +0000"
54,07,17,50546025,l67qiuwze,737 main avenue,"Tue, 04 Nov 2001 17:07:54 +0000"
15,57,01,67042883,4uopgly0edq,1876 main street,"Thu, 25 Jun 2017 01:57:15 +0000"
51,05,23,84740853,blug2yi9mmq5,7169 church road,"Tue, 07 Dec 2003 23:05:51 +0000"
50,14,21,58268950,7mfbgnciax08,1180 elm avenue,"Sat, 24 Dec 2018 21:14:50 +0000"
42,07,21,70897697,mn46ww9ie,7191 park lane,"Sun, 03 Oct 2000 21:07:42 +0000"
50,35,22,17081472,7tgh5od8vbos,4119 park road,"Mon, 28 Mar 2007 22:35:50 +0000"
34,35,02,10046415,p76tzd8h4q,492 main road,"Thu, 09 Apr 2008 02:35:34 +0000"
34,11,17,7981455,n9vdp5e,9239 walnut drive,"Sat, 27 Jan 2009 17:11:34 +0000"
59,04,07,9507661,f94ircgc5,8317 maple road,"Thu, 16 May 2023 07:04:59 +0000"
18,13,18,30578777,dbm8yb,9053 lake street,"Thu, 25 Jul 2020 18:13:18 +0000"
44,21,04,16819078,19ih2hxwm,5622 park street,"Tue, 08 Feb 2016 04:21:44 +0000"
46,53,13,1358841,08capde,929 pine lane,"Tue, 10 Jan 2008 13:53:46 +0000"
26,17,19,46941572,psiz4heeq8,3373 lake road,"Sun, 08 Aug 2020 19:17:26 +0000"
46,51,10,40640244,9sp7ru86,1711 main road,"Thu, 23 Oct 2013 10:51:46 +0000"
26,02,15,37561952,ni7ot9,3454 oak road,"Sat, 27 Mar 1999 15:02:26 +0000"
06,58,01,31565291,23hb5crrytf,979 cedar drive,"Thu, 16 Jan 2025 01:58:06 +0000"
22,29,05,51360116,2conyl18d,5000 main drive,"Sun, 12 Jan 2017 05:29:22 +0000"
04,00,05,45136455,qnbv11dg9ys8,7595 park drive,"Sat, 19 Sep 2006 05:00:04 +0000"
33,17,07,21826939,3piarrfp8,4847 elm drive,"Thu, 02 Oct 2006 07:17:33 +0000"
34,28,12,48555863,qahtuql2,7582 main lane,"Mon, 15 Jan 2009 12:28:34 +0000"
53,53,14,64462414,9n0dfr9ue2l,4228 high road,"Wed, 28 Aug 2002 14:53:53 +0000"
52,43,20,30533650,ljdohcl62uc,9068 spring avenue,"Mon, 23 May 2006 20:43:52 +0000"
34,39,16,2173344,w8cpwge62h6,1269 maple avenue,"Wed, 19 Jun 2024 16:39:34 +0000"
52,12,05,91414455,e1sjbuxv0,6140 lake road,"Fri, 01 Mar 2009 05:12:52 +0000"
09,31,11,5997530,jbgnu66w,3521 park drive,"Mon, 22 Dec 2002 11:31:09 +0000"
59,33,06,51158988,feo6908h7d47,8526 lake road,"Wed, 07 Oct 2007 06:33:59 +0000"
32,56,02,32763017,pxo3uhp2,6717 elm street,"Wed, 18 Sep 2000 02:56:32 +0000"
08,45,17,48636679,4o20oi8p0iq,4701 elm road,"Mon, 03 Jul 2011 17:45:08 +0000"
38,06,12,67793433,5ml3akh,6859 cedar drive,"Sat, 16 Dec 2001 12:06:38 +0000"
30,58,22,16974845,c1bkei67y1wi,6592 spring drive,"Tue, 23 May 2001 22:58:30 +0000"
16,26,06,45215643,vgcew2021s4i,3006 spring drive,"Sun, 17 Feb 2002 06:26:16 +0000"
39,24,11,1054716,x3yu2l6rgo,4872 lake road,"Mon, 19 Sep 2026 11:24:39 +0000"
05,06,23,70500297,61suyuljcn,7054 hill road,"Fri, 20 Jun 2001 23:06:05 +0000"
43,06,02,46629939,khsr52ok,4727 walnut road,"Fri, 25 Feb 2005 02:06:43 +0000"
17,10,00,89457205,jgn96kbc,8845 hill avenue,"Mon, 16 Jan 2009 00:10:17 +0000"
31,27,16,27275115,127i3shh,7282 walnut lane,"Thu, 09 Feb 2025 16:27:31 +0000"
31,57,09,18373405,hwfoeuk6,5495 cedar lane,"Sat, 24 Sep 2019 09:57:31 +0000"
24,37,07,9953990,uc1g7um9cap,2243 river lane,"Sun, 08 Nov 2004 07:37:24 +0000"
19,08,06,35616090,j5l5simf7,3510 main lane,"Mon, 16 Sep 2017 06:08:19 +0000"
54,58,20,28000700,lc0qypw47lt,3800 walnut road,"Sat, 16 Aug 2023 20:58:54 +0000"
06,46,05,84570859,w84sgohs0,7327 elm avenue,"Sat, 14 Feb 2003 05:46:06 +0000"
29,49,17,62385800,hwzi450p,475 cedar road,"Fri, 07 Jul 1999 17:49:29 +0000"
19,12,03,75474898,uqu0z21zqdr5,3588 elm street,"Wed, 15 Jul 2005 03:12:19 +0000"
41,42,04,76850413,8nhvi8b,346 high lane,"Mon, 25 Dec 2008 04:42:41 +0000"
21,22,22,47348677,9ed7nx8mk8zo,4755 high avenue,"Wed, 11 Jul 2004 22:22:21 +0000"
27,47,15,74225849,pacb7g6z5ck,4639 cedar street,"Tue, 21 Dec 2005 15:47:27 +0000"
52,03,23,4543608,hyzirfee,8266 spring lane,"Mon, 01 Dec 2024 23:03:52 +0000"
03,38,15,72715468,jgzmtu16bt,4491 lake avenue,"Mon, 09 Nov 2016 15:38:03 +0000"
13,41,14,63280284,s1fo09r4s,8737 hill avenue,"Thu, 01 Aug 2021 14:41:13 +0000"
13,37,15,52844161,8g2obzo2,6060 lake drive,"Mon, 21 May 2008 15:37:13 +0000"
53,22,17,19306651,fg9kn5pfjz47,9284 high avenue,"Mon, 25 Aug 2006 17:22:53 +0000"
22,57,13,55288723,vjcu0arn,9215 high lane,"Fri, 16 Jun 2018 13:57:22 +0000"
11,10,00,31650398,3469fg1e,6156 pine street,"Tue, 17 Dec 2001 00:10:11 +0000"
24,22,01,22316580,2hc15k7,7983 pine drive,"Thu, 13 Jan 2007 01:22:24 +0000"
03,26,19,15791760,sr7uxkjs7,3350 high drive,"Sat, 12 Sep 2017 19:26:03 +0000"
37,15,07,33730776,3nvik74au,6821 pine avenue,"Thu, 03 Jan 2007 07:15:37 +0000"
03,35,13,94158989,mg83vgd,7680 river avenue,"Mon, 12 Nov 2015 13:35:03 +0000"
45,30,00,30347167,amrs1txz,4174 hill drive,"Sat, 22 Apr 2000 00:30:45 +0000"
53,43,11,79552677,gnrlqgi,8558 river lane,"Wed, 19 Oct 2017 11:43:53 +0000"
03,20,19,37220187,4nkaonfjjk4a,5298 oak street,"Tue, 17 Aug 2011 19:20:03 +0000"
19,56,06,89243613,ut6hp9zyy,7774 elm road,"Sun, 17 Jun 2014 06:56:19 +0000"
08,39,00,10505780,nkrj1925qh,9141 walnut lane,"Sat, 12 Mar 1998 00:39:08 +0000"
00,09,00,49091701,3w1n9myxlam2,5915 hill avenue,"Mon, 19 May 2008 00:09:00 +0000"
01,49,22,12641026,q6arcr4z,720 spring road,"Wed, 21 Jan 2016 22:49:01 +0000"
33,03,09,4093774,435l48gcxbjl,2157 oak lane,"Sun, 28 Feb 1999 09:03:33 +0000"
17,14,08,59519188,dug8rmbvukx,8460 main lane,"Thu, 27 Nov 2019 08:14:17 +0000"
14,32,12,8262163,m6jrfl,7265 main road,"Fri, 07 Dec 2014 12:32:14 +0000"
46,21,11,54938808,atr9whv,7640 river street,"Fri, 15 Feb 2001 11:21:46 +0000"
39,41,04,12164988,flubkan,6137 lake street,"Sat, 08 May 2024 04:41:39 +0000"
22,44,03,91397588,mitdyslriu0,3703 mill avenue,"Wed, 07 Mar 2007 03:44:22 +0000"
52,57,13,34819916,2qf5wxw72kc,9589 park avenue,"Fri, 19 Apr 2020 13:57:52 +0000"
33,19,18,58240817,snv69rf6,3453 cedar avenue,"Thu, 09 Jan 2001 18:19:33 +0000"
58,25,21,69404567,l4i3uxycugw,130 pine lane,"Thu, 11 Jun 2018 21:25:58 +0000"
43,08,11,13459648,wtk38lb,7193 high drive,"Thu, 19 Oct 2020 11:08:43 +0000"
51,04,06,58390480,z4pqxv4ztco,8307 oak lane,"Thu, 25 May 2016 06:04:51 +0000"
37,22,02,53797771,bk6kt7miiv,882 oak road,"Sun, 25 Mar 2023 02:22:37 +0000"
52,39,01,46463084,zk3ajmltt,1317 pine avenue,"Sun, 07 Jul 2000 01:39:52 +0000"
25,51,10,97201672,j9xa4kw,1637 lake drive,"Sat, 13 Dec 2004 10:51:25 +0000"
19,35,10,63401831,y3pgyiuizus,6957 river lane,"Fri, 03 Jun 2013 10:35:19 +0000"
59,35,16,89919325,bolpxxv6aze,3770 pine lane,"Tue, 02 Apr 2007 16:35:59 +0000"
35,56,18,58448483,vyl1js,5097 park lane,"Mon, 09 Jul 2003 18:56:35 +0000"
47,42,21,21960353,7g3fwgzak,5227 pine drive,"Fri, 13 Nov 2012 21:42:47 +0000"
57,04,19,1565403,z1dt1qh26,6109 high lane,"Sat, 11 Sep 2009 19:04:57 +0000"
00,18,12,14998380,l18yfjavqm63,7126 main lane,"Wed, 02 Feb 2025 12:18:00 +0000"
21,47,15,65725873,xdxq1vsb8,4379 pine road,"Wed, 14 Jan 2012 15:47:21 +0000"
16,52,04,43581443,chwc8zpl,1378 hill street,"Tue, 24 Mar 2018 04:52:16 +0000"
42,28,12,66239777,rw3p73ceu,6108 main avenue,"Fri, 24 Nov 2023 12:28:42 +0000"
48,50,17,13582461,6fvt1zblq,1299 mill lane,"Mon, 26 Apr 2016 17:50:48 +0000"
47,04,13,35037571,68pdx4n1,4503 spring avenue,"Wed, 17 Nov 1999 13:04:47 +0000"
37,51,06,81161067,lsra0nb0i,4502 cedar lane,"Fri, 26 Nov 2008 06:51:37 +0000"
11,00,06,13048943,obuoes3,9633 park drive,"Wed, 18 Jul 2013 06:00:11 +0000"
46,41,00,74857472,vvuw2j,7569 mill lane,"Tue, 18 Dec 2003 00:41:46 +0000"
59,18,08,90336645,qzcf59wfn,8677 elm road,"Wed, 25 Jun 2012 08:18:59 +0000"
02,10,08,90540041,bjkw10bs9,8041 maple lane,"Fri, 05 Jul 2017 08:10:02 +0000"
37,46,04,16585085,znnhsl,2607 high lane,"Fri, 14 Jun 2022 04:46:37 +0000"
21,41,07,29236259,ruxgu688z,3689 mill lane,"Thu, 25 Aug 2007 07:41:21 +0000"
52,47,00,60334953,lzsa8v3,2823 church street,"Thu, 19 Nov 2011 00:47:52 +0000"
12,28,21,56149192,mboi6f0bu,9992 maple avenue,"Fri, 21 Aug 2019 21:28:12 +0000"
23,22,18,12219308,by96mk3x,3921 pine lane,"Sat, 07 Jun 2002 18:22:23 +0000"
09,09,06,39333367,bn33p2,3964 high avenue,"Thu, 17 Nov 2001 06:09:09 +0000"
03,29,04,81078419,vkp3eac074ye,6834 cedar drive,"Mon, 23 Oct 2018 04:29:03 +0000"
49,20,13,71705192,b24dszcxz62,7022 high street,"Mon, 05 May 2022 13:20:49 +0000"
07,41,23,77831046,hkx0vjp4nqgv,1214 lake lane,"Sun, 08 May 2008 23:41:07 +0000"
37,21,01,39643430,2v2qrcij7sb,3622 walnut road,"Fri, 12 Dec 2007 01:21:37 +0000"
37,39,13,41169574,kt42sjijsyq,3735 main avenue,"Fri, 10 Mar 2016 13:39:37 +0000"
48,18,23,1629567,x67z4kwj,9620 mill drive,"Wed, 17 Jun 2010 23:18:48 +0000"
46,18,09,65138586,k74l4yaevot,3383 maple avenue,"Wed, 20 Dec 2023 09:18:46 +0000"
08,28,19,16061288,mw53a7omxcz,1620 elm drive,"Mon, 09 Sep 2015 19:28:08 +0000"
15,41,22,99499949,fd27ppqlpo,7473 pine street,"Fri, 09 Sep 2006 22:41:15 +0000"
08,46,01,12272023,mei7tdnop43,1611 hill street,"Wed, 26 Nov 2000 01:46:08 +0000"
26,37,21,26373828,h2f4mg8n5,4915 river street,"Fri, 14 Feb 2021 21:37:26 +0000"
46,44,01,59420378,m3aq0r5lv646,4650 church road,"Wed, 28 Sep 2005 01:44:46 +0000"
10,56,03,45797342,96t2hl5a,5230 walnut drive,"Thu, 16 Mar 2003 03:56:10 +0000"
44,47,23,8809243,1tg2v8lmgont,8222 cedar road,"Sun, 17 Aug 2001 23:47:44 +0000"
07,43,00,91915095,njukmzkk,9997 church avenue,"Wed, 17 Aug 2018 00:43:07 +0000"
22,45,01,79900370,0roq4txjtvwu,7369 cedar lane,"Fri, 13 Jul 1998 01:45:22 +0000"
56,12,04,54244848,0wi3rb,3314 maple road,"Wed, 27 Jun 1998 04:12:56 +0000"
37,10,16,43207411,yu99mn62r,1751 oak avenue,"Tue, 11 Dec 2013 16:10:37 +0000"
40,50,13,96816412,4cy5prydgd,5615 cedar drive,"Wed, 15 May 2001 13:50:40 +0000"
59,29,04,63339409,eu0jjtm,9206 oak lane,"Tue, 11 Oct 2015 04:29:59 +0000"
33,55,19,88686416,97sbieux,7305 spring avenue,"Tue, 11 Aug 2005 19:55:33 +0000"
06,12,09,61858024,vmqqbih0,7002 park lane,"Sun, 02 Sep 1999 09:12:06 +0000"
20,16,17,68764597,b1c6u85s,9418 elm street,"Sat, 03 Oct 2000 17:16:20 +0000"
30,34,05,74942501,h8k6f3me1r32,2494 church road,"Mon, 06 Nov 2016 05:34:30 +0000"
54,28,07,45618488,71bzsayba,3691 elm lane,"Tue, 09 Apr 2016 07:28:54 +0000"
56,56,22,90544999,u83mwjmjntlg,430 hill drive,"Sun, 02 Mar 2015 22:56:56 +0000"
19,20,00,46787508,uuonmt,2676 park road,"Tue, 07 Jun 1998 00:20:19 +0000"
47,57,10,18439726,hyb2nyd22,6541 maple avenue,"Sun, 13 Oct 2024 10:57:47 +0000"
24,19,15,16740148,l67hkn,1972 lake drive,"Wed, 24 Jun 2011 15:19:24 +0000"
35,40,03,25643055,f6x4q6h,7487 main street,"Thu, 26 Jul 2010 03:40:35 +0000"
37,56,18,13440634,xte1tofy,7723 main road,"Sat, 21 Jun 1999 18:56:37 +0000"
46,49,09,18899241,plai7ji4cdns,6090 river lane,"Sun, 06 Jul 2003 09:49:46 +0000"
31,40,22,23449445,jlxhkb5ntz,6115 walnut road,"Fri, 11 Jan 2023 22:40:31 +0000"
01,03,22,3476848,b4cj0c8y,9806 spring drive,"Tue, 06 Feb 1998 22:03:01 +0000"
38,59,04,46807212,f0eh430,8794 lake avenue,"Sun, 20 Nov 1998 04:59:38 +0000"
56,14,15,41809545,4qiu8xg45,9360 maple avenue,"Tue, 17 Mar 2023 15:14:56 +0000"
11,49,03,19148848,fgzsgpo,4107 pine road,"Wed, 23 Aug 2019 03:49:11 +0000"
34,37,18,79303774,7riu1xjcyd,3243 pine street,"Tue, 21 Jan 2024 18:37:34 +0000"
22,29,22,31930912,zua44wm,9457 park lane,"Tue, 15 Oct 2006 22:29:22 +0000"
11,17,04,73276696,hr6vvlqv5,8994 lake street,"Sat, 28 Jun 2022 04:17:11 +0000"
34,17,10,69678788,ex1b8igo,7495 mill street,"Mon, 18 Dec 2007 10:17:34 +0000"
03,09,04,16961598,wt219f6lz6mj,3635 high street,"Tue, 24 Dec 2009 04:09:03 +0000"
08,52,03,70551440,j77d8x8o7k,6136 pine street,"Sat, 06 Nov 2018 03:52:08 +0000"
19,07,18,82981287,j81mrdz,4858 park drive,"Thu, 16 Aug 2008 18:07:19 +0000"
57,13,07,18279700,taeq9tned0i,2356 lake avenue,"Sun, 26 Apr 2010 07:13:57 +0000"
23,10,22,21410078,0zmpweorizh,9600 church avenue,"Tue, 15 Mar 2019 22:10:23 +0000"
21,16,07,36982997,uah7t7g4o2th,8868 spring drive,"Thu, 05 Feb 2026 07:16:21 +0000"
31,34,09,96647679,rcyqh31k,7984 high road,"Tue, 17 Feb 2000 09:34:31 +0000"
49,02,19,98225071,xp510dgrrq,8321 elm lane,"Sat, 27 May 2009 19:02:49 +0000"
33,20,07,11162602,g5p5o1,4355 oak lane,"Fri, 20 Oct 2010 07:20:33 +0000"
53,01,13,81430209,ycggghpx0z,654 elm lane,"Sun, 15 Oct 2025 13:01:53 +0000"
07,55,14,70174383,z1bnlb,5390 oak road,"Thu, 26 Jan 2021 14:55:07 +0000"
12,45,10,61296924,qwwwpr2du3qk,3431 hill drive,"Sat, 11 Dec 2010 10:45:12 +0000"
20,50,05,46790131,l5fvw8outgfz,5127 river lane,"Sat, 06 Jul 2004 05:50:20 +0000"
04,26,01,35534800,5wv2xkkubhmt,8293 spring drive,"Wed, 25 Sep 2015 01:26:04 +0000"
25,57,19,23888421,emffzqjv8,5797 park avenue,"Thu, 04 Dec 2024 19:57:25 +0000"
18,04,18,39458235,fuo2cp9jrb,8102 maple avenue,"Tue, 08 Aug 2018 18:04:18 +0000"
42,33,07,28996747,aspb420,9115 hill drive,"Tue, 14 Mar 2025 07:33:42 +0000"
01,30,17,69611473,zyqxq1xxpu,8854 elm street,"Sat, 05 Jun 2025 17:30:01 +0000"
12,02,12,94289205,8ig648u,1718 high drive,"Tue, 24 Jun 2020 12:02:12 +0000"
17,32,08,94250237,9o3rd3251ek,363 hill lane,"Fri, 21 Jan 2026 08:32:17 +0000"
58,05,00,46664498,jewerqb51,2185 park avenue,"Sat, 15 May 2015 00:05:58 +0000"
51,27,00,93587401,tvo60j8uadw,9625 oak street,"Fri, 03 Sep 2011 00:27:51 +0000"
25,14,03,98039990,mpllb5h,5437 oak street,"Thu, 19 Dec 2019 03:14:25 +0000"
14,01,04,52012811,0y4ivlgtwl1q,8187 oak avenue,"Wed, 13 Apr 2005 04:01:14 +0000"
15,54,20,47147357,fv2g7qbd9dx,1565 pine street,"Fri, 01 Jan 2008 20:54:15 +0000"
23,59,17,51650743,bxelm5l8,3578 elm street,"Sun, 22 Mar 2017 17:59:23 +0000"
48,25,05,50230019,l2l6j2bc8h,5107 walnut road,"Mon, 12 Nov 2003 05:25:48 +0000"
47,16,03,79212730,kg5mjv39y2,1907 church drive,"Mon, 11 Apr 2009 03:16:47 +0000"
50,37,18,18985887,5mzcwd4,9686 oak drive,"Mon, 22 Nov 2008 18:37:50 +0000"
56,43,02,70788039,87z8msui2m,4800 church lane,"Thu, 14 Jul 2000 02:43:56 +0000"
16,41,03,65839144,5gu94y,5012 lake road,"Sun, 22 Dec 1999 03:41:16 +0000"
00,19,09,70816579,cmft8lud8bdt,6307 maple road,"Fri, 02 Nov 2025 09:19:00 +0000"
34,27,23,58234195,67l6xcng3lo,5248 oak avenue,"Thu, 07 Oct 2018 23:27:34 +0000"
58,24,08,82287755,cynhsa,3939 church road,"Tue, 13 Apr 2009 08:24:58 +0000"
47,37,16,53959988,jjpq1t,3357 walnut road,"Thu, 23 Jan 2011 16:37:47 +0000"
40,46,10,55527801,rm5qazc2i,3654 oak street,"Mon, 06 Aug 2000 10:46:40 +0000"
59,36,09,24619969,ukqzs8ssqg,1957 park avenue,"Mon, 18 Aug 2004 09:36:59 +0000"
13,54,16,17071090,c44ghocylf,1105 maple lane,"Fri, 12 Aug 2021 16:54:13 +0000"
24,49,01,19170749,c6mnucajv,4110 walnut avenue,"Wed, 15 Apr 2026 01:49:24 +0000"
02,38,03,86464359,zyjs6e,3691 pine avenue,"Wed, 22 Dec 2012 03:38:02 +0000"
38,21,06,3407006,2ep7s9kj9udh,1068 park drive,"Fri, 01 Oct 2021 06:21:38 +0000"
10,26,01,22815637,uxcjgoayady,9289 oak avenue,"Sun, 21 Jan 2016 01:26:10 +0000"
45,34,10,73236848,b4ysy2,3894 church lane,"Fri, 09 Jun 2018 10:34:45 +0000"
54,06,13,61076956,j38xojsly,4215 walnut avenue,"Wed, 24 Jan 2011 13:06:54 +0000"
07,23,11,40256214,c308ozi,5783 maple lane,"Thu, 14 Aug 2021 11:23:07 +0000"
36,30,15,60718263,y3xvuzi7n,4031 maple avenue,"Fri, 07 Dec 2019 15:30:36 +0000"
11,13,04,83074164,390xtnzj,7705 oak drive,"Sat, 15 May 2026 04:13:11 +0000"
31,27,03,83707650,dmnv9ky71,2955 lake street,"Sat, 07 Jul 2016 03:27:31 +0000"
14,40,01,89532357,rjzmj0u,7678 maple avenue,"Sun, 16 Jun 2017 01:40:14 +0000"
07,21,00,82194856,cgefbadvfu,5845 maple avenue,"Tue, 10 Feb 2009 00:21:07 +0000"
19,02,05,83658740,24vlstg9,2619 walnut avenue,"Tue, 14 Feb 2015 05:02:19 +0000"
49,33,23,82995330,k994rphj2,1591 high street,"Tue, 13 Aug 2010 23:33:49 +0000"
29,12,06,64015756,bx2l2b5,9287 elm road,"Mon, 12 Feb 2003 06:12:29 +0000"
58,57,11,18121796,tzjhmusfw5,262 river drive,"Thu, 06 Jun 2025 11:57:58 +0000"
01,01,13,33928937,6r7b5uk,853 church avenue,"Sat, 10 May 2012 13:01:01 +0000"
12,56,15,58119521,cr3fv9ci,175 spring drive,"Mon, 10 Jul 2004 15:56:12 +0000"
21,38,22,63108568,ycryvx610,5606 pine road,"Sat, 09 Sep 2004 22:38:21 +0000"
07,46,09,65619708,rf2fu6hb,2106 high street,"Tue, 03 Mar 2009 09:46:07 +0000"
03,23,03,8728672,pfeaave,2560 river lane,"Sat, 28 Jun 2023 03:23:03 +0000"
00,34,13,89256477,hdimfl,1503 spring street,"Mon, 14 Nov 2005 13:34:00 +0000"
41,28,12,28225122,fyu7m4,3233 spring lane,"Fri, 23 Mar 2013 12:28:41 +0000"
29,39,06,38673227,d2l6aflmqj8,9428 maple street,"Sat, 25 Feb 2004 06:39:29 +0000"
40,08,04,25115164,uokzs06sn1qw,3945 hill street,"Sat, 22 May 2007 04:08:40 +0000"
30,35,14,21654510,de5wd1,1310 church lane,"Mon, 24 Nov 2000 14:35:30 +0000"
21,34,14,42744662,xequ2w4x5t,8014 elm drive,"Sat, 07 Apr 2016 14:34:21 +0000"
19,37,16,22901228,w033uz,7597 mill lane,"Thu, 05 Mar 2021 16:37:19 +0000"
49,53,09,51759546,biuyjzxa1,2831 pine drive,"Tue, 07 Feb 1998 09:53:49 +0000"
36,02,14,52528275,jrvmb5zkt,9001 cedar avenue,"Tue, 16 Oct 2021 14:02:36 +0000"
44,24,17,67003019,1k5dwgeu4,9959 cedar avenue,"Tue, 17 Aug 2023 17:24:44 +0000"
18,21,15,29055233,5atkvt1hi,8678 cedar road,"Sat, 12 Dec 2025 15:21:18 +0000"
25,37,23,17207789,4eb2x0pn,5345 spring avenue,"Sun, 11 Nov 2026 23:37:25 +0000"
20,04,06,63922828,r9vvmiuopp54,318 elm drive,"Mon, 13 Mar 2017 06:04:20 +0000"
58,06,04,43181794,753re2,6383 high avenue,"Sun, 25 May 2020 04:06:58 +0000"
28,49,04,19214323,d4poauw4,9206 pine road,"Wed, 16 Jun 2017 04:49:28 +0000"
06,08,02,71992332,mhsdm76,4628 maple lane,"Thu, 23 Jan 2007 02:08:06 +0000"
12,48,05,35039200,jsbb0fx,7618 high avenue,"Thu, 21 Jul 2015 05:48:12 +0000"
33,46,03,21079286,2ugr3rm3sk,9609 pine road,"Mon, 04 Jan 2025 03:46:33 +0000"
49,08,15,43837193,4xjuy9b1uz,2917 elm drive,"Sun, 25 Jan 2018 15:08:49 +0000"
30,30,21,37981392,c6di5eei,2484 oak drive,"Tue, 23 Apr 2000 21:30:30 +0000"
25,34,17,48370919,vf0ve5z8,1019 hill lane,"Sat, 26 Jul 2020 17:34:25 +0000"
52,42,20,20811601,fn2khqopd9,397 main avenue,"Thu, 02 Jan 2005 20:42:52 +0000"
10,57,15,31237854,i6uuyzb,8360 high road,"Thu, 01 Nov 2020 15:57:10 +0000"
58,35,06,93576499,9ecmcno5a,5725 spring street,"Fri, 12 Sep 2026 06:35:58 +0000"
27,15,22,22045756,nj8asr9x6,6364 pine avenue,"Sun, 20 May 2008 22:15:27 +0000"
34,49,13,26286131,qzhs2b26,6647 maple avenue,"Mon, 02 Jul 2023 13:49:34 +0000"
22,03,13,14335007,nmtntx3doqn,8374 main road,"Mon, 07 Mar 2025 13:03:22 +0000"
31,15,22,44829596,5yu3zk5,7868 hill drive,"Wed, 26 Nov 2025 22:15:31 +0000"
57,02,01,33365581,gabdar,1 cedar lane,"Thu, 24 Oct 2003 01:02:57 +0000"
25,45,04,13060348,xnm1xe,4588 park street,"Wed, 25 Jan 2026 04:45:25 +0000"
18,35,17,16126397,jq3nhb4l,236 oak street,"Sat, 08 Aug 2025 17:35:18 +0000"
19,46,17,77826352,9rrb4ejnezy,490 main lane,"Thu, 27 Aug 2011 17:46:19 +0000"
42,06,04,23501174,cers4m,4380 main road,"Sun, 07 Apr 2020 04:06:42 +0000"
27,58,14,60138082,ac195odsxfx3,7742 hill avenue,"Wed, 22 Jun 2021 14:58:27 +0000"
41,02,16,73967197,juw0lzx3ws,2419 mill lane,"Sat, 18 Jul 2009 16:02:41 +0000"
25,40,01,57953314,qivw32,8835 mill avenue,"Mon, 11 Sep 2025 01:40:25 +0000"
21,18,02,83904510,v8kinzf,6865 walnut street,"Fri, 18 Jan 2014 02:18:21 +0000"
30,31,09,13943855,aq9kov5hux,8986 walnut lane,"Fri, 22 Jul 2005 09:31:30 +0000"
48,50,23,77456237,0go3jma6,1767 lake avenue,"Mon, 23 May 2005 23:50:48 +0000"
27,26,11,54518486,n8gmbbbs,1984 maple avenue,"Sun, 25 Nov 2000 11:26:27 +0000"
28,06,19,9005520,2h1wzatv,6353 elm avenue,"Wed, 14 Oct 2016 19:06:28 +0000"
42,59,20,64225060,c5c5uwbq4y8,1606 park drive,"Fri, 12 Nov 2013 20:59:42 +0000"
17,34,20,3677919,c5f4q8ffp,1541 lake lane,"Sat, 11 Apr 2017 20:34:17 +0000"
18,09,08,62995628,ut92n0,1556 main avenue,"Fri, 28 Nov 2022 08:09:18 +0000"
01,19,12,3799737,2e6l3ry8dq,9596 oak drive,"Thu, 06 Aug 2007 12:19:01 +0000"
59,53,18,21853423,sv1hje,3263 lake lane,"Tue, 01 Jul 2022 18:53:59 +0000"
44,02,19,99939228,lyctlov5o2hg,2695 pine avenue,"Sat, 20 Oct 1998 19:02:44 +0000"
33,30,22,58810423,x1b7x8g04,550 cedar lane,"Fri, 23 Jul 2000 22:30:33 +0000"
03,28,03,8757686,qw4z6p,2254 oak street,"Tue, 03 Oct 2003 03:28:03 +0000"
34,45,15,89216598,28x9q4e,3040 river lane,"Mon, 18 Jan 2005 15:45:34 +0000"
01,03,09,27182012,tizaxd6,200 oak drive,"Sat, 09 Oct 2014 09:03:01 +0000"
47,32,17,1198832,iup4nm44,7844 maple street,"Tue, 13 Sep 2018 17:32:47 +0000"
18,35,12,84168514,eji6je46ek,4048 church lane,"Sun, 21 Jun 2005 12:35:18 +0000"
10,21,23,35237919,d1cuzbmxz,7370 river avenue,"Sat, 05 Aug 2017 23:21:10 +0000"
46,00,14,68400278,kp7s5e1b0,1087 hill street,"Sat, 25 Mar 2022 14:00:46 +0000"
44,24,05,86097267,xrzr3v,4973 mill drive,"Fri, 11 May 2025 05:24:44 +0000"
43,19,20,63080505,5y9i4vf5v8,8471 river street,"Wed, 21 May 2006 20:19:43 +0000"
55,18,22,38791804,6ouupmwtmv,8482 church lane,"Wed, 09 Oct 2011 22:18:55 +0000"
12,59,01,89893548,mismx89un37,2842 oak road,"Sat, 08 Apr 2017 01:59:12 +0000"
26,25,00,85029446,vl5xpz4r38vj,4174 river street,"Wed, 04 Jul 2024 00:25:26 +0000"
31,25,23,73921477,aemq539r6,9298 park avenue,"Wed, 02 Jul 2018 23:25:31 +0000"
48,42,05,65717576,g41yuhilhx,893 main street,"Wed, 04 Sep 2015 05:42:48 +0000"
25,24,18,36035956,g1ncdah,5532 river road,"Wed, 14 Apr 2005 18:24:25 +0000"
10,05,17,29596634,r9wpjb9uok,6280 maple drive,"Fri, 01 Mar 2000 17:05:10 +0000"
10,03,18,76680571,r5hgp0op3kl,3611 cedar street,"Mon, 08 Nov 2007 18:03:10 +0000"
19,01,06,58420653,y2nogf022j,6300 mill drive,"Sun, 13 Jan 2015 06:01:19 +0000"
32,43,02,36480084,517vub5,8316 river lane,"Sun, 15 Oct 2004 02:43:32 +0000"
01,54,17,50067985,eykznnu,5788 park road,"Tue, 23 May 2026 17:54:01 +0000"
26,40,11,31000266,4bpe2bywx,6242 main lane,"Thu, 24 Aug 2011 11:40:26 +0000"
14,46,08,12017239,qworxq4kk,3591 mill drive,"Sat, 17 Oct 2014 08:46:14 +0000"
51,02,12,26278050,cyxdofkf9dqf,8606 walnut road,"Thu, 05 May 2002 12:02:51 +0000"
38,07,10,58514671,lo0tk7eo,1512 river street,"Fri, 21 Dec 2003 10:07:38 +0000"
59,49,01,38697319,41kpbmeegr,2929 hill street,"Sun, 15 Sep 2022 01:49:59 +0000"
24,27,18,49527025,lj8lpaukr6b,8207 hill street,"Thu, 05 Mar 1999 18:27:24 +0000"
30,06,08,62967092,ipxr3p3,2870 spring street,"Sat, 08 Mar 2018 08:06:30 +0000"
34,02,20,81347386,ceyias375z98,6618 walnut drive,"Thu, 21 Sep 2009 20:02:34 +0000"
20,25,23,81281137,zq70k65icn,1203 river road,"Sun, 10 Feb 2017 23:25:20 +0000"
08,47,13,55363136,ytxbu5mbn,7136 high avenue,"Thu, 28 Oct 2023 13:47:08 +0000"
58,40,14,18779693,tzpjbo2q5z3,7622 elm avenue,"Thu, 05 Jul 1999 14:40:58 +0000"
21,33,08,32942467,gsxdw3y,7101 oak drive,"Wed, 12 Sep 2015 08:33:21 +0000"
12,52,02,64046365,4ewvmt,8303 pine street,"Mon, 05 Dec 2020 02:52:12 +0000"
54,42,16,75385348,db6n7xb2,6610 elm drive,"Thu, 12 Oct 2008 16:42:54 +0000"
20,10,16,38252277,d7h2516c,8979 spring drive,"Fri, 03 Mar 2024 16:10:20 +0000"
48,51,20,50734233,2rjjmfyr,6462 maple street,"Mon, 10 Jan 2002 20:51:48 +0000"
53,18,16,26114468,m0j19qnae,2678 mill street,"Wed, 24 Aug 2023 16:18:53 +0000"
16,12,03,8880325,3k5hf3v,6097 mill lane,"Wed, 19 Sep 2015 03:12:16 +0000"
53,08,18,99614498,u7j7rpob,7109 lake road,"Wed, 17 May 2013 18:08:53 +0000"
38,16,16,97220784,dtqgj9oop,7608 walnut avenue,"Mon, 23 Sep 2014 16:16:38 +0000"
26,30,11,48730083,z0vtfpk4e,5144 walnut street,"Thu, 13 Jul 2002 11:30:26 +0000"
19,19,04,55606056,bvxhtp55z,9641 maple lane,"Thu, 28 Apr 2007 04:19:19 +0000"
18,47,23,32656566,kvkuyfgffa,2459 hill lane,"Thu, 03 Dec 2018 23:47:18 +0000"
49,38,00,20396018,a4lcis,6010 church road,"Sat, 19 Feb 1999 00:38:49 +0000"
13,44,03,22185662,vgcfcamk,6404 mill lane,"Mon, 09 Oct 2007 03:44:13 +0000"
19,41,14,82612298,7esie3qk6g5o,4649 main lane,"Sun, 11 Nov 2003 14:41:19 +0000"
46,00,15,93279076,2w6tsz0pt,5352 maple avenue,"Thu, 05 Dec 2002 15:00:46 +0000"
16,18,01,4948897,dhjg2i,2447 spring street,"Wed, 25 Jun 2020 01:18:16 +0000"
04,17,20,42953014,p410h9tn4c,5968 pine lane,"Tue, 12 Feb 1999 20:17:04 +0000"
31,59,19,4221686,qyl53zu2iu1u,9283 mill avenue,"Mon, 28 Mar 2006 19:59:31 +0000"
22,00,00,55817870,5vjcip,8402 river lane,"Wed, 07 Dec 2003 00:00:22 +0000"
33,18,03,56095588,axvxva,1714 lake drive,"Tue, 07 Mar 2008 03:18:33 +0000"
54,59,21,91325797,6r7z7m1c39s,8828 high lane,"Mon, 10 Jun 1998 21:59:54 +0000"
22,32,22,54681752,e403ouo2qt,635 mill avenue,"Sat, 19 May 2010 22:32:22 +0000"
43,12,23,35626810,7oco2p,6505 main lane,"Mon, 03 May 2015 23:12:43 +0000"
24,05,11,73366152,b6td5n89s,1899 mill avenue,"Thu, 18 Dec 2008 11:05:24 +0000"
28,30,18,23798309,ma1fvp4bgi,4231 pine road,"Sat, 09 Jul 2003 18:30:28 +0000"
26,28,20,57247068,kxgst89,1124 oak avenue,"Sun, 04 Jan 2005 20:28:26 +0000"
52,31,07,8865990,rlh2vh6836h4,4560 high street,"Wed, 26 Feb 2009 07:31:52 +0000"
59,49,23,23685811,m8qbfekjv,2628 hill drive,"Tue, 16 Nov 2009 23:49:59 +0000"
36,36,16,4008226,y1g6znkm,7921 high drive,"Sat, 23 Feb 2021 16:36:36 +0000"
36,24,12,30444030,593yuxmcc2ma,9355 elm street,"Sat, 12 Nov 2008 12:24:36 +0000"
44,13,13,55781986,au3fig79hi4,8100 hill drive,"Sat, 25 Jun 2001 13:13:44 +0000"
33,58,01,83888905,cupt81scgdti,4232 mill lane,"Tue, 09 Jun 2025 01:58:33 +0000"
58,06,08,55311707,7xe5tt,6667 main street,"Wed, 11 Mar 2020 08:06:58 +0000"
46,32,16,12502482,i7gxhgqvuhln,9540 high street,"Tue, 02 May 2007 16:32:46 +0000"
12,05,12,73857719,8f98t9tgzct0,1524 church road,"Wed, 24 Jan 2002 12:05:12 +0000"
40,23,20,9237140,ag4c4x,6652 hill street,"Wed, 06 Oct 2015 20:23:40 +0000"
52,33,22,33239057,vklgb4,3579 spring avenue,"Tue, 24 Nov 2014 22:33:52 +0000"
36,50,21,32032542,a7rm59pd1,3458 river lane,"Tue, 27 Sep 2007 21:50:36 +0000"
34,13,17,46216851,z0srph0,4178 church drive,"Thu, 01 Feb 2010 17:13:34 +0000"
36,55,23,79297426,qilhpic,3783 maple street,"Sat, 03 Nov 2010 23:55:36 +0000"
37,13,13,17855866,rhanha0,1753 elm avenue,"Thu, 05 Mar 2021 13:13:37 +0000"
34,28,16,86978167,hxu0y7r2mjny,5787 maple avenue,"Thu, 16 May 2011 16:28:34 +0000"
05,09,04,6577733,a13kdd37,4737 maple lane,"Mon, 10 Mar 2007 04:09:05 +0000"
51,32,03,37500780,1a47e3w,4968 church avenue,"Thu, 07 Dec 2025 03:32:51 +0000"
24,59,23,37002495,4yrk4o2ibp5y,3587 hill drive,"Sat, 05 Feb 2006 23:59:24 +0000"
24,04,08,96813552,7qgr7tzb,1032 river street,"Tue, 10 May 2023 08:04:24 +0000"
47,04,00,32798611,97l57ajbu90v,24 lake avenue,"Tue, 04 Dec 2007 00:04:47 +0000"
42,25,12,96764978,1qrmzwgy4mpu,751 mill road,"Wed, 16 Apr 2015 12:25:42 +0000"
48,55,12,44762107,o19begio0,719 maple lane,"Thu, 18 Dec 2000 12:55:48 +0000"
15,04,23,13782773,92ionnxgcqa,9626 park street,"Wed, 21 Oct 2026 23:04:15 +0000"
50,37,10,60386084,fvphfq8,3952 main lane,"Sat, 09 Sep 2003 10:37:50 +0000"
26,56,19,88230912,a5n0vgf6ora1,5718 walnut road,"Sun, 15 Sep 2020 19:56:26 +0000"
17,00,19,22061215,gbrmlk,3838 spring street,"Sat, 06 Apr 2024 19:00:17 +0000"
46,36,13,28071024,is3d2oi,516 oak avenue,"Wed, 21 May 2024 13:36:46 +0000"
15,52,03,92185332,jek4yakxc,8734 pine lane,"Mon, 03 Mar 2004 03:52:15 +0000"
00,40,01,9836486,0g1okr7,9094 walnut drive,"Fri, 19 Jun 2026 01:40:00 +0000"
36,58,05,60818034,8n21l2r,5173 cedar drive,"Tue, 24 Jan 2004 05:58:36 +0000"
42,55,17,54477723,y83fhido,8742 mill street,"Fri, 16 Jul 2018 17:55:42 +0000"
48,06,05,77945179,id7l8oipd68,1216 maple drive,"Fri, 03 Jun 2014 05:06:48 +0000"
56,53,14,72160950,qqv9il,722 park lane,"Sun, 27 Apr 2002 14:53:56 +0000"
39,53,03,29606058,f7j2e18fu3k,4528 mill road,"Mon, 02 Jan 2022 03:53:39 +0000"
30,15,09,3677070,bbfukffm4g28,6088 main drive,"Mon, 24 Mar 2009 09:15:30 +0000"
25,14,22,41999214,h6ssqkf8j,9837 church drive,"Fri, 16 May 2013 22:14:25 +0000"
59,07,07,70101471,ejls6cuy4c61,7657 main street,"Fri, 02 Jan 2019 07:07:59 +0000"
41,49,06,35079118,ywvfx7r,8685 pine lane,"Thu, 19 Feb 2005 06:49:41 +0000"
46,23,04,55438217,r6ouxdx,5082 mill avenue,"Sun, 19 Jul 2021 04:23:46 +0000"
17,18,14,5630119,c4d0np093w,279 high drive,"Sun, 21 Sep 2003 14:18:17 +0000"
57,50,07,16890118,drdhzq,8661 oak drive,"Fri, 24 Jan 2006 07:50:57 +0000"
25,38,16,83973712,ql945p7mym7,1052 park road,"Tue, 05 Nov 2000 16:38:25 +0000"
13,18,12,19001936,zsk7t0tkbp0,2139 elm drive,"Thu, 07 Feb 2007 12:18:13 +0000"
25,55,03,33812725,3cysyk,5812 high road,"Sun, 10 Jan 2003 03:55:25 +0000"
25,05,15,54137215,oxv8lsmbf4yt,6737 high road,"Sun, 10 Sep 2016 15:05:25 +0000"
34,41,01,71193035,bogxp967lr,5433 spring avenue,"Thu, 20 Dec 1999 01:41:34 +0000"
20,03,23,90429501,vcsdspnnnwm,8622 cedar drive,"Wed, 23 Feb 2010 23:03:20 +0000"
16,26,21,97781040,jgfg373,2028 hill street,"Fri, 07 Apr 2016 21:26:16 +0000"
10,29,04,12280008,m5nizuoc0ce,1375 walnut drive,"Sun, 17 Aug 2022 04:29:10 +0000"
08,24,16,43958395,g36097aal,3420 mill street,"Sun, 01 Oct 2001 16:24:08 +0000"
10,39,16,44917705,0h9i7apyv45q,4648 mill drive,"Mon, 24 Jul 1998 16:39:10 +0000"
25,58,23,83367007,nzxwideteh7,9422 cedar street,"Fri, 10 Apr 2005 23:58:25 +0000"
22,27,21,53294724,4vbi0mkkn6,2423 oak avenue,"Thu, 09 Jun 2008 21:27:22 +0000"
26,21,18,56149112,fqcsi7,8784 park street,"Sun, 12 Nov 1998 18:21:26 +0000"
07,54,04,45307384,5z11c7g,1909 spring avenue,"Thu, 25 Jan 1999 04:54:07 +0000"
42,09,18,25905776,d7nxyzfbyj3e,5250 spring avenue,"Mon, 06 Apr 2006 18:09:42 +0000"
28,09,00,45715619,d169l1g5,7951 park drive,"Sat, 05 Oct 2004 00:09:28 +0000"
35,18,19,70406142,qschpt9a72mv,4890 maple lane,"Sun, 22 Sep 2021 19:18:35 +0000"
06,46,01,70958559,0cnoxhd,1679 church road,"Thu, 23 Dec 1998 01:46:06 +0000"
32,08,20,81303269,d6xesslb2qkz,9796 spring drive,"Fri, 21 Jul 2022 20:08:32 +0000"
29,45,15,83826810,ys93f7sj8x,9491 park drive,"Tue, 05 Jun 2016 15:45:29 +0000"
12,18,21,13826907,b6tmlmgl,3655 cedar avenue,"Sun, 14 Jul 2016 21:18:12 +0000"
58,34,17,75151628,0b94jz,1929 lake lane,"Mon, 21 Aug 2003 17:34:58 +0000"
06,27,06,28988527,9o7ouxp7,2270 church drive,"Sun, 01 May 2024 06:27:06 +0000"
52,03,21,422348,0hj1vb9j,6656 river road,"Fri, 22 Mar 2011 21:03:52 +0000"
20,19,06,88716994,f9yyw0en,245 hill lane,"Sun, 14 Feb 2019 06:19:20 +0000"
27,40,04,92039212,m7uvhqm,4376 park drive,"Tue, 08 Oct 2023 04:40:27 +0000"
13,46,03,41717179,6rcbk4oaa61z,6379 oak street,"Mon, 27 Jul 2014 03:46:13 +0000"
18,06,14,27129856,fmvbde,6148 hill street,"Fri, 21 May 2000 14:06:18 +0000"
22,56,23,39340435,eud30l7m20j,825 spring road,"Tue, 21 May 2006 23:56:22 +0000"
54,51,21,2267260,22szkd2iz,6745 church avenue,"Fri, 05 Jun 1998 21:51:54 +0000"
10,04,22,74563181,f54ydkeqbz78,4306 oak avenue,"Tue, 07 Aug 2005 22:04:10 +0000"
04,43,11,11980455,uwkmwzg,7655 hill street,"Thu, 01 Apr 2025 11:43:04 +0000"
14,21,18,22058331,gfkayho1p6u,2169 lake lane,"Fri, 19 Jun 2010 18:21:14 +0000"
18,00,14,16285807,n2e8stq,9709 main avenue,"Sun, 19 Jun 1999 14:00:18 +0000"
35,14,15,18914718,zs6cg1rsdp2n,4099 mill street,"Thu, 16 Sep 2001 15:14:35 +0000"
22,10,22,19038482,56kleakf5,9651 hill avenue,"Mon, 21 Apr 2006 22:10:22 +0000"
17,02,09,69725974,k8v52o1o8,3982 walnut street,"Sun, 17 Mar 2015 09:02:17 +0000"
40,57,09,91483641,0bvo2b58,7024 park street,"Thu, 16 Dec 1999 09:57:40 +0000"
09,29,14,54054021,5pz7jaxay8jf,2801 pine avenue,"Sat, 12 Jun 2019 14:29:09 +0000"
59,28,12,21379764,zxav82,1719 church road,"Thu, 19 Mar 2021 12:28:59 +0000"
37,42,10,9789395,leiuz3c98r,3854 park drive,"Fri, 18 May 2023 10:42:37 +0000"
15,29,16,73390336,bkicvco81q6s,2130 cedar drive,"Wed, 28 Dec 2017 16:29:15 +0000"
21,51,04,68757076,efsw2863c2,1502 elm avenue,"Tue, 18 Jul 2012 04:51:21 +0000"
51,01,05,52421510,m8lb2ryee,7560 lake drive,"Fri, 16 Jul 2015 05:01:51 +0000"
39,01,15,20131529,165jiu7m5c8u,8592 main lane,"Sat, 06 Nov 2018 15:01:39 +0000"
14,56,21,31884244,drbxyyv3,9326 main street,"Sat, 04 Mar 2006 21:56:14 +0000"
07,39,18,72725151,vxrql7z,7548 river lane,"Tue, 05 Jun 2024 18:39:07 +0000"
59,52,10,82069030,lpi8rzom,8949 walnut drive,"Mon, 11 Jul 2003 10:52:59 +0000"
42,56,19,35004374,ul8v4l,5626 park avenue,"Fri, 06 Jul 2016 19:56:42 +0000"
44,25,11,29759644,ov7xgo6g9zxx,421 church lane,"Fri, 09 Jul 2025 11:25:44 +0000"
19,09,20,74995418,bu5sqoam,5024 church drive,"Mon, 22 Sep 2024 20:09:19 +0000"
53,01,23,77448875,h44kdm,8545 mill road,"Fri, 08 May 2023 23:01:53 +0000"
47,54,07,5068739,xnztfu,4812 lake street,"Wed, 27 Jun 2004 07:54:47 +0000"
50,18,07,14401123,lxn047g,3902 high lane,"Thu, 28 Jun 1999 07:18:50 +0000"
07,38,07,2165101,rjgsfcwl3y,8671 oak drive,"Fri, 16 Sep 1999 07:38:07 +0000"
30,43,22,81221357,i4arxip679w,6590 pine avenue,"Wed, 18 Jul 2011 22:43:30 +0000"
46,34,10,7844175,60282rtk,2265 lake road,"Fri, 11 Dec 2026 10:34:46 +0000"
18,34,12,89843906,8v1xusl6,2112 cedar drive,"Mon, 03 Dec 2011 12:34:18 +0000"
49,49,04,44609850,iaccjt,6104 church avenue,"Fri, 21 Apr 2000 04:49:49 +0000"
08,40,23,31741923,huuenau,5570 lake street,"Fri, 07 Nov 2018 23:40:08 +0000"
26,28,06,57144182,lgsts77yy5,2361 lake avenue,"Thu, 15 Nov 2023 06:28:26 +0000"
46,20,18,59208584,s0jaix6kxsn,1141 hill avenue,"Sun, 27 Mar 2020 18:20:46 +0000"
05,45,19,72939177,gimeimjatfdy,133 walnut street,"Fri, 08 Jul 2006 19:45:05 +0000"
16,11,23,65714658,n93wb8k,7728 park drive,"Sat, 03 Nov 2012 23:11:16 +0000"
15,44,11,23758640,lw43uqx9r4iy,2536 mill drive,"Mon, 11 Mar 2017 11:44:15 +0000"
06,12,04,12121010,3y9pgzd9l2,1982 church lane,"Tue, 03 Aug 2019 04:12:06 +0000"
28,49,12,28876008,2nlbull,2543 river drive,"Fri, 07 Dec 2011 12:49:28 +0000"
19,28,20,22987078,1uetp9,9022 pine avenue,"Tue, 11 Nov 2009 20:28:19 +0000"
23,29,17,94293960,8nu9tr0,2002 lake lane,"Sat, 24 Aug 2005 17:29:23 +0000"
09,13,21,21694442,zspbvqq5hl22,45 pine drive,"Tue, 15 Feb 2003 21:13:09 +0000"
34,46,20,7450698,p375hn5u,2266 river drive,"Fri, 08 Mar 2002 20:46:34 +0000"
59,11,15,3778615,gixzd9mlccq9,8011 river lane,"Fri, 17 Sep 2025 15:11:59 +0000"
19,26,19,76369325,wnx6wlp8z,998 high street,"Tue, 01 May 2007 19:26:19 +0000"
37,24,10,31723949,fuh3ewknf,375 high avenue,"Sat, 19 Mar 2022 10:24:37 +0000"
43,22,15,97957647,wbftm4r6md,3217 walnut street,"Fri, 14 Aug 2000 15:22:43 +0000"
53,27,00,28251705,5fhjzdjjhnk,1935 mill lane,"Thu, 15 Nov 2002 00:27:53 +0000"
55,01,19,7191113,fhhyzg,2122 walnut avenue,"Mon, 04 Oct 2021 19:01:55 +0000"
35,52,03,4293875,iv72pmncs,9370 maple lane,"Thu, 11 Apr 2015 03:52:35 +0000"
12,55,00,1809734,l3t7gjslgfs,373 high drive,"Sat, 13 Nov 2014 00:55:12 +0000"
01,52,13,18882517,auijsyib,9690 maple road,"Wed, 24 Jul 2024 13:52:01 +0000"
28,17,05,8870728,anwi5bgo3hjr,3126 park road,"Fri, 11 Sep 2009 05:17:28 +0000"
55,55,01,52001753,inbqejbj,7895 walnut street,"Thu, 04 Jun 2017 01:55:55 +0000"
39,03,02,21747079,o95rdkd2f,7066 park drive,"Mon, 14 Apr 2002 02:03:39 +0000"
41,16,07,16986230,s7gvuqkaoscp,961 oak street,"Fri, 12 Jul 2013 07:16:41 +0000"
13,43,09,75766281,2x1tex2wxs1l,4033 cedar lane,"Sun, 04 Mar 2024 09:43:13 +0000"
34,51,05,33712011,1ahc9dh6h,635 maple street,"Sun, 24 Jul 2015 05:51:34 +0000"
07,26,10,30860070,2zrf5k,6944 hill street,"Fri, 01 Sep 2001 10:26:07 +0000"
21,07,09,97554487,x2gjbgvd3fm,8330 main lane,"Thu, 04 Apr 1999 09:07:21 +0000"
52,19,05,62011364,ovfdsx7r5tm,6564 pine street,"Sat, 07 Jan 1998 05:19:52 +0000"
30,15,02,75860627,lw87w211q,8130 main avenue,"Mon, 18 Jan 2008 02:15:30 +0000"
44,44,10,26714602,mzk2q1z1jfw,9588 oak drive,"Tue, 27 Mar 2020 10:44:44 +0000"
38,25,07,63763876,cdrz01,1642 cedar road,"Sat, 19 Jan 2022 07:25:38 +0000"
12,42,19,9111470,hd253hqcbqp8,9045 oak drive,"Sun, 23 Dec 2018 19:42:12 +0000"
34,10,01,93484334,aupeulcq,9976 hill street,"Sun, 19 May 2018 01:10:34 +0000"
33,03,13,80263253,5z75oem32h0y,9880 hill road,"Mon, 14 Jul 2001 13:03:33 +0000"
42,28,16,19933261,5sd54rp,3823 mill avenue,"Sun, 11 Jul 2003 16:28:42 +0000"
52,43,03,28321272,6sh2aeqk1ib,3512 lake street,"Fri, 15 Sep 2025 03:43:52 +0000"
54,25,22,23032123,f0dkbq,1558 mill drive,"Sun, 03 Apr 2009 22:25:54 +0000"
27,27,20,91861386,662jhf2b86s,8327 main street,"Fri, 13 May 2007 20:27:27 +0000"
00,10,08,71830436,kh2w76o,9357 lake drive,"Wed, 15 Jan 2015 08:10:00 +0000"
39,33,23,23172629,bq8c04,5247 lake street,"Sun, 27 Mar 2024 23:33:39 +0000"
06,26,20,25365653,ftzffk65r,2710 river lane,"Fri, 17 Mar 2012 20:26:06 +0000"
32,09,14,97479644,z4drcwohqf1h,5810 park street,"Thu, 18 Nov 2005 14:09:32 +0000"
02,39,08,23770468,s99ovywg3,9520 high lane,"Tue, 10 Nov 1999 08:39:02 +0000"
07,36,18,81177742,syy8pq1br,7423 hill road,"Tue, 03 Aug 1998 18:36:07 +0000"
21,28,10,20538501,vgyjkwp0r8,8958 pine street,"Fri, 19 Apr 2006 10:28:21 +0000"
37,42,01,71765760,86oc1iqz4,2480 high drive,"Thu, 20 Oct 2000 01:42:37 +0000"
34,53,13,57041050,eftenh,9610 walnut avenue,"Wed, 22 Oct 2018 13:53:34 +0000"
37,06,14,21920386,n0gon40avlpc,4170 elm drive,"Fri, 04 Jul 2008 14:06:37 +0000"
00,10,15,94006935,kxrt5j,4296 oak drive,"Mon, 14 Jun 2018 15:10:00 +0000"
00,23,11,4246689,msrb0ze44e7i,4239 river drive,"Fri, 25 Sep 2018 11:23:00 +0000"
08,06,20,5624448,8az39jgrf2,4438 park drive,"Sun, 04 Apr 2024 20:06:08 +0000"
31,57,01,43825113,lzyq818pz9,7215 cedar drive,"Thu, 19 May 2020 01:57:31 +0000"
19,28,00,12129306,vqudhhil,960 mill lane,"Wed, 08 Dec 2010 00:28:19 +0000"
03,09,09,93260004,whe4f1,1014 maple drive,"Fri, 25 Sep 2023 09:09:03 +0000"
39,23,07,53010670,0up0ig6,9491 cedar road,"Wed, 20 Jan 2010 07:23:39 +0000"
38,35,22,65173798,dbtit7,9509 cedar avenue,"Mon, 10 Jul 2010 22:35:38 +0000"
53,07,16,91601306,r91150du1qka,5092 elm lane,"Sun, 12 Aug 2022 16:07:53 +0000"
43,12,08,59481346,8b2tuom6,9972 main lane,"Tue, 08 Jun 2006 08:12:43 +0000"
31,04,23,54292556,il0vsdgzv,9891 river road,"Tue, 02 Jan 2020 23:04:31 +0000"
46,34,23,90642876,klhljsl21,7838 spring lane,"Wed, 13 Mar 2022 23:34:46 +0000"
20,23,13,42423505,eybgflrgfx,8248 mill road,"Fri, 26 Sep 2018 13:23:20 +0000"
20,25,21,52119351,a8ag47,6490 lake lane,"Fri, 05 Apr 2025 21:25:20 +0000"
05,54,19,10630936,w2ar2i0,4311 mill avenue,"Sat, 26 Jul 2000 19:54:05 +0000"
07,58,21,19776881,hkdn7qo4vo1,5665 spring drive,"Sat, 13 Sep 1999 21:58:07 +0000"
11,09,07,61911789,wkxq6ltih9,3811 hill road,"Wed, 12 May 1999 07:09:11 +0000"
42,02,07,4229205,1qtxs3vjmeh,2293 maple avenue,"Sat, 15 May 2022 07:02:42 +0000"
38,42,10,72120743,5f22znpsk5,2781 main avenue,"Sun, 27 Sep 2015 10:42:38 +0000"
27,20,16,50946563,ke4wa8deypc,4177 elm avenue,"Mon, 13 Oct 2023 16:20:27 +0000"
35,27,06,30818928,86jrovot,194 main street,"Fri, 03 Dec 2025 06:27:35 +0000"
40,42,02,53205723,46s6e1wlr,4164 cedar road,"Wed, 09 Jul 1999 02:42:40 +0000"
27,48,06,71378528,8xe4n29,1756 main road,"Tue, 21 Oct 2001 06:48:27 +0000"
39,19,06,19751221,366q8y176j,9812 main road,"Wed, 16 Oct 2020 06:19:39 +0000"
30,42,18,17840140,4gr2iqyocf8y,4140 pine road,"Tue, 07 Sep 2018 18:42:30 +0000"
43,20,04,30394767,2k7ppgjh95,493 park avenue,"Fri, 07 Mar 2014 04:20:43 +0000"
00,44,13,69089708,9nkjhc,1917 main avenue,"Tue, 06 Jan 1998 13:44:00 +0000"
46,28,01,8469845,7y31yhcb694,6329 oak street,"Fri, 03 May 2004 01:28:46 +0000"
05,36,15,50029101,fsdp9supf,9661 hill street,"Sun, 16 May 2011 15:36:05 +0000"
43,09,10,73874238,imut0ugcamb,7489 mill lane,"Tue, 01 Jun 2024 10:09:43 +0000"
54,15,20,37449726,y2evbc11,6389 park road,"Mon, 03 Jan 2026 20:15:54 +0000"
14,37,09,86889784,xtffosa28,5308 oak lane,"Fri, 27 Oct 2006 09:37:14 +0000"
08,44,04,83038933,c7ax9m109,3315 cedar drive,"Tue, 13 Sep 2021 04:44:08 +0000"
33,51,05,76174272,zky3a7o819,9101 hill drive,"Mon, 16 Sep 2019 05:51:33 +0000"
44,15,21,88648976,5exbx1lx3e3,6178 main drive,"Tue, 05 Jan 2000 21:15:44 +0000"
05,17,09,17820833,w379lyatf,9066 mill street,"Sun, 19 Jun 2002 09:17:05 +0000"
19,12,00,9786373,3xv6uh353sfi,8000 cedar lane,"Fri, 06 Feb 2001 00:12:19 +0000"
07,02,12,72730596,9jrfzi1rlkj,9883 lake road,"Fri, 19 Feb 2012 12:02:07 +0000"
42,58,16,7176497,qxrig9wsx5cu,7129 high drive,"Tue, 01 Oct 2002 16:58:42 +0000"
10,38,05,16965528,x5abdezov0rd,7527 pine avenue,"Sun, 05 May 2025 05:38:10 +0000"
15,27,01,63092694,6k9urad,1458 lake drive,"Sat, 27 Sep 2003 01:27:15 +0000"
46,35,05,21608016,q2pfi0ey8xa,7889 oak street,"Sun, 12 Sep 2018 05:35:46 +0000"
47,44,11,93695980,dfhxal3gful1,1325 spring street,"Sat, 12 Apr 2024 11:44:47 +0000"
54,43,21,59144843,imcc3e,7049 river road,"Sat, 01 Jan 2013 21:43:54 +0000"
05,51,01,34426872,f6t9usoj730,9718 hill drive,"Tue, 28 Jul 2009 01:51:05 +0000"
08,46,22,17660310,qr4h0f6j4m,5094 high drive,"Mon, 07 Dec 2022 22:46:08 +0000"
49,24,22,9502312,qvcjw9,6608 maple avenue,"Mon, 15 May 2004 22:24:49 +0000"
52,57,10,97770439,2q7pvj07,991 park road,"Fri, 14 Jan 2021 10:57:52 +0000"
37,51,17,57625231,m9oqt86m9,4975 pine road,"Sun, 08 Jul 2023 17:51:37 +0000"
01,51,20,84650648,tzi8dvvd22rd,6447 elm lane,"Fri, 11 Jun 2000 20:51:01 +0000"
50,01,20,48895059,knlac8vug,697 lake road,"Sat, 01 Nov 2017 20:01:50 +0000"
14,02,13,13662183,gfg36yg,9848 church street,"Tue, 11 May 2020 13:02:14 +0000"
12,39,02,59761747,ydlkbzxourf,2903 main street,"Sat, 05 Mar 2012 02:39:12 +0000"
22,34,11,42120410,wdak0dfuhvnl,5686 high drive,"Wed, 15 Nov 2026 11:34:22 +0000"
44,07,19,82907594,c2sc5g2m,2116 lake drive,"Fri, 02 Jun 2020 19:07:44 +0000"
30,00,08,99755720,xboedazsnt,200 maple drive,"Mon, 01 May 2009 08:00:30 +0000"
40,41,06,16929017,n1c6se,1180 hill road,"Sat, 20 Feb 2005 06:41:40 +0000"
16,57,18,87780504,l8wwpxvj,749 elm lane,"Mon, 02 Jan 2011 18:57:16 +0000"
56,28,02,65359641,abz19de8y2,7824 cedar street,"Sun, 23 Apr 2013 02:28:56 +0000"
29,23,18,67246886,inmstxob,46 park lane,"Thu, 13 Mar 2008 18:23:29 +0000"
09,48,05,44045727,nkwae5,3482 park road,"Wed, 05 Jul 2003 05:48:09 +0000"
36,08,15,38378696,38qldl,9383 spring avenue,"Tue, 26 Apr 2007 15:08:36 +0000"
22,46,19,44440091,geacc0cwpa89,6784 hill road,"Tue, 01 Mar 2026 19:46:22 +0000"
10,33,19,15666264,yz2oia,4614 walnut road,"Thu, 11 Oct 2015 19:33:10 +0000"
16,41,14,72894303,ulfk1tkzc,3784 mill avenue,"Thu, 22 Mar 2023 14:41:16 +0000"
51,20,03,1147010,j3xw7leq33b,9763 pine street,"Thu, 04 Feb 2023 03:20:51 +0000"
16,43,12,46214754,ko9alm1kgkew,8593 high street,"Fri, 19 Aug 2021 12:43:16 +0000"
12,03,08,583904,xg1gh61n8xv,9016 hill street,"Sat, 19 Jun 2016 08:03:12 +0000"
04,46,07,62253471,4kgy97cdvp4,8766 high drive,"Sun, 07 Feb 2015 07:46:04 +0000"
00,05,12,50400396,j64l6rvtdg,8420 pine avenue,"Sat, 25 Aug 2003 12:05:00 +0000"
13,03,12,173632,l9ns8i,3747 pine avenue,"Mon, 09 Feb 2006 12:03:13 +0000"
10,08,13,37422468,rni7he0xm,168 church avenue,"Sat, 21 Dec 1998 13:08:10 +0000"
19,41,10,17133588,ndrjoi,2140 spring lane,"Thu, 12 Mar 2020 10:41:19 +0000"
12,57,07,13866023,xmci6f0,5497 walnut street,"Thu, 09 Jul 2004 07:57:12 +0000"
39,30,22,397330,dwo233wzg8o,2164 high street,"Sat, 01 Nov 2003 22:30:39 +0000"
53,18,19,80301052,0e4tyc,2608 river drive,"Tue, 04 Jan 2006 19:18:53 +0000"
20,17,17,33288142,8reyzkjfmh05,230 hill street,"Wed, 13 Sep 2026 17:17:20 +0000"
15,26,20,49479218,0z3cyozjf6zx,5926 main road,"Fri, 10 May 2007 20:26:15 +0000"
25,38,23,88060465,21zmtm,3682 river lane,"Wed, 01 May 2018 23:38:25 +0000"
13,19,00,81147087,k3mikyi1h,1450 cedar avenue,"Wed, 07 Jul 2019 00:19:13 +0000"
36,10,04,18457613,v9urjg66c85g,6678 pine avenue,"Sat, 10 Dec 2000 04:10:36 +0000"
51,35,12,88327278,yqom9vpis3,3059 walnut road,"Sat, 02 Jun 2015 12:35:51 +0000"
34,13,16,31665280,pqmcpef,5994 mill drive,"Thu, 13 Jan 2009 16:13:34 +0000"
02,45,08,96481404,x3yr5v3z,9615 spring road,"Sat, 25 Nov 2008 08:45:02 +0000"
02,23,23,26768764,p1x4rzy6,6264 high street,"Thu, 07 May 2002 23:23:02 +0000"
39,20,22,10623757,vsxb8av,5020 hill street,"Sun, 11 Mar 2022 22:20:39 +0000"
52,36,22,53576423,juxyzt2lhp,222 lake road,"Tue, 08 Jun 2022 22:36:52 +0000"
38,52,08,96298397,hrlyhsdq8m,4061 high avenue,"Thu, 27 Feb 2007 08:52:38 +0000"
06,27,01,42521436,nd20o3og,297 main drive,"Sat, 22 Dec 2001 01:27:06 +0000"
05,41,11,66539367,wkjhfx92f9,4602 elm avenue,"Tue, 12 Nov 2006 11:41:05 +0000"
07,53,13,99213594,163qr5d,1843 lake avenue,"Sat, 06 Nov 2024 13:53:07 +0000"
40,07,04,90835868,70vjo2,7583 lake avenue,"Fri, 14 Jul 2019 04:07:40 +0000"
57,02,14,43484974,mm3ahrdcw,2499 mill lane,"Fri, 03 Jan 2009 14:02:57 +0000"
31,20,09,43695675,7ccbj4lietl,5240 lake avenue,"Mon, 14 Jan 2017 09:20:31 +0000"
09,40,19,40426168,hnz7f5k,575 maple street,"Tue, 13 Oct 2009 19:40:09 +0000"
